datas,Athletico Paranaense ,Atlético Goianiense ,Atlético Mineiro ,Atlético Paranaense ,Avaí ,Bahia ,Botafogo ,Ceará ,Chapecoense ,Corinthians ,Coritiba ,Criciúma ,Cruzeiro ,Figueirense ,Flamengo ,Fluminense ,Fortaleza ,Goiás ,Grêmio ,Grêmio Barueri ,Guarani ,Internacional ,Náutico ,Palmeiras ,Paraná ,Ponte Preta ,Portuguesa ,Red Bull Bragantino ,Santos ,Sport ,São Caetano ,São Paulo ,Vasco ,Vitória 
2007-12-31,0.0,0.0,58.3,54.0,0.0,0.0,41.1,0.0,0.0,134.6,14.9,0.0,77.6,18.9,89.4,39.3,0.0,39.7,109.0,21.0,0.0,155.8,0.0,86.2,24.9,0.0,12.4,0.0,53.1,0.0,23.2,190.0,51.0,0.0
2008-01-31,0.0,0.0,58.24166666666667,53.19166666666666,0.0,0.0,41.96666666666667,0.0,0.0,133.17499999999998,16.791666666666668,0.0,78.96666666666667,19.683333333333334,91.775,41.55833333333333,0.0,38.108333333333334,108.16666666666667,19.25,0.0,154.65833333333333,0.0,90.58333333333334,24.275,0.0,15.291666666666668,0.0,54.11666666666667,0.0,23.266666666666666,187.54166666666666,51.083333333333336,1.5666666666666667
2008-02-29,0.0,0.0,58.18333333333334,52.383333333333326,0.0,0.0,42.833333333333336,0.0,0.0,131.74999999999997,18.683333333333334,0.0,80.33333333333334,20.46666666666667,94.15,43.81666666666666,0.0,36.516666666666666,107.33333333333334,17.5,0.0,153.51666666666665,0.0,94.96666666666668,23.65,0.0,18.183333333333334,0.0,55.13333333333333,0.0,23.333333333333332,185.08333333333331,51.16666666666667,3.1333333333333333
2008-03-31,0.0,0.0,58.12500000000001,51.57499999999999,0.0,0.0,43.7,0.0,0.0,130.32499999999996,20.575,0.0,81.70000000000002,21.250000000000004,96.525,46.074999999999996,0.0,34.925,106.50000000000001,15.75,0.0,152.37499999999997,0.0,99.35000000000002,23.025,0.0,21.075,0.0,56.15,0.0,23.4,182.62499999999997,51.25000000000001,4.7
2008-04-30,0.0,0.0,58.06666666666668,50.76666666666665,0.0,0.0,44.56666666666667,0.0,0.0,128.89999999999995,22.466666666666665,0.0,83.06666666666669,22.03333333333334,98.9,48.33333333333333,0.0,33.33333333333333,105.66666666666669,14.0,0.0,151.2333333333333,0.0,103.73333333333336,22.4,0.0,23.966666666666665,0.0,57.166666666666664,0.0,23.466666666666665,180.16666666666663,51.33333333333334,6.266666666666667
2008-05-31,0.0,0.0,58.00833333333335,49.958333333333314,0.0,0.0,45.43333333333334,0.0,0.0,127.47499999999995,24.35833333333333,0.0,84.43333333333337,22.816666666666674,101.275,50.59166666666666,0.0,31.74166666666666,104.83333333333336,12.25,0.0,150.0916666666666,0.0,108.1166666666667,21.775,0.0,26.85833333333333,0.0,58.18333333333333,0.0,23.53333333333333,177.7083333333333,51.41666666666668,7.833333333333333
2008-06-30,0.0,0.0,57.95000000000002,49.14999999999998,0.0,0.0,46.300000000000004,0.0,0.0,126.04999999999995,26.249999999999996,0.0,85.80000000000004,23.60000000000001,103.65,52.849999999999994,0.0,30.14999999999999,104.00000000000003,10.5,0.0,148.94999999999993,0.0,112.50000000000004,21.15,0.0,29.749999999999996,0.0,59.199999999999996,0.0,23.599999999999998,175.24999999999994,51.500000000000014,9.4
2008-07-31,0.0,0.0,57.89166666666669,48.34166666666664,0.0,0.0,47.16666666666667,0.0,0.0,124.62499999999996,28.141666666666662,0.0,87.16666666666671,24.383333333333344,106.025,55.10833333333333,0.0,28.558333333333323,103.1666666666667,8.75,0.0,147.80833333333325,0.0,116.88333333333338,20.525,0.0,32.641666666666666,0.0,60.21666666666666,0.0,23.666666666666664,172.7916666666666,51.58333333333335,10.966666666666667
2008-08-31,0.0,0.0,57.83333333333336,47.5333333333333,0.0,0.0,48.03333333333334,0.0,0.0,123.19999999999996,30.033333333333328,0.0,88.53333333333339,25.16666666666668,108.4,57.36666666666666,0.0,26.966666666666654,102.33333333333337,7.0,0.0,146.66666666666657,0.0,121.26666666666672,19.9,0.0,35.53333333333333,0.0,61.23333333333333,0.0,23.73333333333333,170.33333333333326,51.666666666666686,12.533333333333333
2008-09-30,0.0,0.0,57.77500000000003,46.724999999999966,0.0,0.0,48.900000000000006,0.0,0.0,121.77499999999996,31.924999999999994,0.0,89.90000000000006,25.950000000000014,110.775,59.62499999999999,0.0,25.374999999999986,101.50000000000004,5.25,0.0,145.5249999999999,0.0,125.65000000000006,19.275,0.0,38.425,0.0,62.24999999999999,0.0,23.799999999999997,167.87499999999991,51.75000000000002,14.1
2008-10-31,0.0,0.0,57.7166666666667,45.91666666666663,0.0,0.0,49.76666666666667,0.0,0.0,120.34999999999997,33.81666666666666,0.0,91.26666666666674,26.73333333333335,113.15,61.883333333333326,0.0,23.783333333333317,100.66666666666671,3.5,0.0,144.3833333333332,0.0,130.0333333333334,18.65,0.0,41.31666666666666,0.0,63.26666666666666,0.0,23.866666666666664,165.41666666666657,51.83333333333336,15.666666666666666
2008-11-30,0.0,0.0,57.65833333333337,45.10833333333329,0.0,0.0,50.63333333333334,0.0,0.0,118.92499999999997,35.70833333333333,0.0,92.63333333333341,27.516666666666683,115.525,64.14166666666667,0.0,22.19166666666665,99.83333333333339,1.75,0.0,143.24166666666653,0.0,134.4166666666667,18.025,0.0,44.20833333333333,0.0,64.28333333333333,0.0,23.93333333333333,162.95833333333323,51.91666666666669,17.233333333333334
2008-12-31,0.0,0.0,57.60000000000004,44.299999999999955,0.0,0.0,51.50000000000001,0.0,0.0,117.49999999999997,37.599999999999994,0.0,94.00000000000009,28.30000000000002,117.9,66.4,0.0,20.59999999999998,99.00000000000006,0.0,0.0,142.09999999999985,0.0,138.80000000000004,17.4,0.0,47.099999999999994,0.0,65.3,0.0,23.999999999999996,160.4999999999999,52.00000000000003,18.8
2009-01-31,0.0,0.0,58.30833333333334,45.858333333333334,1.75,0.0,51.025,0.0,0.0,122.79166666666667,37.90833333333333,0.0,96.275,25.941666666666666,118.075,65.96666666666667,0.0,21.383333333333333,99.98333333333333,1.5999999999999999,0.0,144.93333333333334,0.0,137.65,15.95,0.0,45.141666666666666,0.0,65.71666666666667,0.0,23.883333333333333,161.69166666666666,54.733333333333334,19.766666666666666
2009-02-28,0.0,0.0,59.01666666666667,47.41666666666667,3.5,0.0,50.55,0.0,0.0,128.08333333333334,38.21666666666666,0.0,98.55000000000001,23.583333333333332,118.25,65.53333333333333,0.0,22.166666666666664,100.96666666666667,3.1999999999999997,0.0,147.76666666666668,0.0,136.5,14.5,0.0,43.18333333333333,0.0,66.13333333333334,0.0,23.766666666666666,162.88333333333333,57.46666666666667,20.73333333333333
2009-03-31,0.0,0.0,59.72500000000001,48.97500000000001,5.25,0.0,50.074999999999996,0.0,0.0,133.375,38.52499999999999,0.0,100.82500000000002,21.224999999999998,118.425,65.1,0.0,22.949999999999996,101.95,4.8,0.0,150.60000000000002,0.0,135.35,13.05,0.0,41.224999999999994,0.0,66.55000000000001,0.0,23.65,164.075,60.2,21.699999999999996
2009-04-30,0.0,0.0,60.433333333333344,50.533333333333346,7.0,0.0,49.599999999999994,0.0,0.0,138.66666666666666,38.83333333333332,0.0,103.10000000000002,18.866666666666664,118.6,64.66666666666666,0.0,23.733333333333327,102.93333333333334,6.3999999999999995,0.0,153.43333333333337,0.0,134.2,11.600000000000001,0.0,39.26666666666666,0.0,66.96666666666668,0.0,23.53333333333333,165.26666666666665,62.93333333333334,22.66666666666666
2009-05-31,0.0,0.0,61.14166666666668,52.09166666666668,8.75,0.0,49.12499999999999,0.0,0.0,143.95833333333331,39.14166666666665,0.0,105.37500000000003,16.50833333333333,118.77499999999999,64.23333333333332,0.0,24.51666666666666,103.91666666666667,7.999999999999999,0.0,156.2666666666667,0.0,133.04999999999998,10.150000000000002,0.0,37.30833333333332,0.0,67.38333333333335,0.0,23.416666666666664,166.45833333333331,65.66666666666667,23.633333333333326
2009-06-30,0.0,0.0,61.850000000000016,53.65000000000002,10.5,0.0,48.64999999999999,0.0,0.0,149.24999999999997,39.44999999999998,0.0,107.65000000000003,14.149999999999995,118.94999999999999,63.79999999999998,0.0,25.29999999999999,104.9,9.6,0.0,159.10000000000005,0.0,131.89999999999998,8.700000000000003,0.0,35.34999999999999,0.0,67.80000000000003,0.0,23.299999999999997,167.64999999999998,68.4,24.59999999999999
2009-07-31,0.0,0.0,62.55833333333335,55.20833333333336,12.25,0.0,48.17499999999999,0.0,0.0,154.54166666666663,39.75833333333331,0.0,109.92500000000004,11.79166666666666,119.12499999999999,63.366666666666646,0.0,26.08333333333332,105.88333333333334,11.2,0.0,161.9333333333334,0.0,130.74999999999997,7.250000000000003,0.0,33.39166666666665,0.0,68.2166666666667,0.0,23.18333333333333,168.84166666666664,71.13333333333334,25.566666666666656
2009-08-31,0.0,0.0,63.26666666666669,56.766666666666694,14.0,0.0,47.69999999999999,0.0,0.0,159.8333333333333,40.06666666666664,0.0,112.20000000000005,9.433333333333326,119.29999999999998,62.93333333333331,0.0,26.866666666666653,106.86666666666667,12.799999999999999,0.0,164.76666666666674,0.0,129.59999999999997,5.8000000000000025,0.0,31.43333333333332,0.0,68.63333333333337,0.0,23.066666666666663,170.0333333333333,73.86666666666667,26.53333333333332
2009-09-30,0.0,0.0,63.97500000000002,58.32500000000003,15.75,0.0,47.22499999999999,0.0,0.0,165.12499999999994,40.37499999999997,0.0,114.47500000000005,7.074999999999993,119.47499999999998,62.49999999999997,0.0,27.649999999999984,107.85000000000001,14.399999999999999,0.0,167.60000000000008,0.0,128.44999999999996,4.350000000000002,0.0,29.474999999999987,0.0,69.05000000000004,0.0,22.949999999999996,171.22499999999997,76.60000000000001,27.499999999999986
2009-10-31,0.0,0.0,64.68333333333335,59.88333333333337,17.5,0.0,46.749999999999986,0.0,0.0,170.4166666666666,40.6833333333333,0.0,116.75000000000006,4.71666666666666,119.64999999999998,62.066666666666634,0.0,28.433333333333316,108.83333333333334,15.999999999999998,0.0,170.43333333333342,0.0,127.29999999999995,2.900000000000002,0.0,27.516666666666655,0.0,69.46666666666671,0.0,22.83333333333333,172.41666666666663,79.33333333333334,28.46666666666665
2009-11-30,0.0,0.0,65.39166666666668,61.441666666666706,19.25,0.0,46.274999999999984,0.0,0.0,175.70833333333326,40.99166666666663,0.0,119.02500000000006,2.3583333333333263,119.82499999999997,61.6333333333333,0.0,29.216666666666647,109.81666666666668,17.599999999999998,0.0,173.26666666666677,0.0,126.14999999999995,1.4500000000000022,0.0,25.558333333333323,0.0,69.88333333333338,0.0,22.71666666666666,173.6083333333333,82.06666666666668,29.433333333333316
2009-12-31,0.0,0.0,66.10000000000001,63.00000000000004,21.0,0.0,45.79999999999998,0.0,0.0,180.99999999999991,41.29999999999996,0.0,121.30000000000007,-7.105427357601002e-15,119.99999999999997,61.19999999999996,0.0,29.99999999999998,110.80000000000001,19.2,0.0,176.1000000000001,0.0,124.99999999999994,2.220446049250313e-15,0.0,23.59999999999999,0.0,70.30000000000005,0.0,22.599999999999994,174.79999999999995,84.80000000000001,30.39999999999998
2010-01-31,0.0,0.0,68.35833333333333,63.391666666666666,21.90833333333333,1.7083333333333333,46.36666666666667,0.0,0.0,183.63333333333333,40.40833333333333,0.0,119.63333333333333,0.0,120.70833333333333,62.5,0.0,30.025,111.03333333333333,17.599999999999998,1.9083333333333332,178.15,0.0,126.93333333333334,0.0,0.0,23.683333333333334,0.0,74.14999999999999,0.0,20.71666666666667,176.54166666666669,84.69166666666666,31.375
2010-02-28,0.0,0.0,70.61666666666667,63.78333333333333,22.816666666666663,3.4166666666666665,46.93333333333334,0.0,0.0,186.26666666666665,39.516666666666666,0.0,117.96666666666665,0.0,121.41666666666666,63.8,0.0,30.049999999999997,111.26666666666667,15.999999999999998,3.8166666666666664,180.20000000000002,0.0,128.86666666666667,0.0,0.0,23.766666666666666,0.0,77.99999999999999,0.0,18.833333333333336,178.28333333333336,84.58333333333333,32.35
2010-03-31,0.0,0.0,72.87500000000001,64.175,23.724999999999994,5.125,47.50000000000001,0.0,0.0,188.89999999999998,38.625,0.0,116.29999999999998,0.0,122.12499999999999,65.1,0.0,30.074999999999996,111.5,14.399999999999999,5.725,182.25000000000003,0.0,130.8,0.0,0.0,23.849999999999998,0.0,81.84999999999998,0.0,16.950000000000003,180.02500000000003,84.475,33.325
2010-04-30,0.0,0.0,75.13333333333335,64.56666666666666,24.633333333333326,6.833333333333333,48.06666666666668,0.0,0.0,191.5333333333333,37.733333333333334,0.0,114.63333333333331,0.0,122.83333333333331,66.39999999999999,0.0,30.099999999999994,111.73333333333333,12.799999999999999,7.633333333333333,184.30000000000004,0.0,132.73333333333335,0.0,0.0,23.93333333333333,0.0,85.69999999999997,0.0,15.06666666666667,181.7666666666667,84.36666666666666,34.300000000000004
2010-05-31,0.0,0.0,77.3916666666667,64.95833333333333,25.541666666666657,8.541666666666666,48.63333333333335,0.0,0.0,194.16666666666663,36.84166666666667,0.0,112.96666666666664,0.0,123.54166666666664,67.69999999999999,0.0,30.124999999999993,111.96666666666667,11.2,9.541666666666666,186.35000000000005,0.0,134.66666666666669,0.0,0.0,24.016666666666662,0.0,89.54999999999997,0.0,13.183333333333337,183.50833333333338,84.25833333333333,35.275000000000006
2010-06-30,0.0,0.0,79.65000000000003,65.35,26.44999999999999,10.25,49.20000000000002,0.0,0.0,196.79999999999995,35.95,0.0,111.29999999999997,0.0,124.24999999999997,68.99999999999999,0.0,30.14999999999999,112.2,9.6,11.45,188.40000000000006,0.0,136.60000000000002,0.0,0.0,24.099999999999994,0.0,93.39999999999996,0.0,11.300000000000004,185.25000000000006,84.14999999999999,36.25000000000001
2010-07-31,0.0,0.0,81.90833333333337,65.74166666666666,27.35833333333332,11.958333333333334,49.76666666666669,0.0,0.0,199.43333333333328,35.05833333333334,0.0,109.6333333333333,0.0,124.9583333333333,70.29999999999998,0.0,30.17499999999999,112.43333333333334,8.0,13.358333333333333,190.45000000000007,0.0,138.53333333333336,0.0,0.0,24.183333333333326,0.0,97.24999999999996,0.0,9.416666666666671,186.99166666666673,84.04166666666666,37.22500000000001
2010-08-31,0.0,0.0,84.16666666666671,66.13333333333333,28.26666666666665,13.666666666666668,50.33333333333336,0.0,0.0,202.0666666666666,34.16666666666667,0.0,107.96666666666663,0.0,125.66666666666663,71.59999999999998,0.0,30.19999999999999,112.66666666666667,6.4,15.266666666666666,192.50000000000009,0.0,140.4666666666667,0.0,0.0,24.26666666666666,0.0,101.09999999999995,0.0,7.533333333333338,188.7333333333334,83.93333333333332,38.20000000000001
2010-09-30,0.0,0.0,86.42500000000005,66.52499999999999,29.174999999999983,15.375000000000002,50.90000000000003,0.0,0.0,204.69999999999993,33.275000000000006,0.0,106.29999999999995,0.0,126.37499999999996,72.89999999999998,0.0,30.224999999999987,112.9,4.800000000000001,17.174999999999997,194.5500000000001,0.0,142.40000000000003,0.0,0.0,24.34999999999999,0.0,104.94999999999995,0.0,5.650000000000004,190.47500000000008,83.82499999999999,39.17500000000001
2010-10-31,0.0,0.0,88.6833333333334,66.91666666666666,30.083333333333314,17.083333333333336,51.4666666666667,0.0,0.0,207.33333333333326,32.38333333333334,0.0,104.63333333333328,0.0,127.08333333333329,74.19999999999997,0.0,30.249999999999986,113.13333333333334,3.200000000000001,19.08333333333333,196.6000000000001,0.0,144.33333333333337,0.0,0.0,24.433333333333323,0.0,108.79999999999994,0.0,3.76666666666667,192.21666666666675,83.71666666666665,40.15000000000001
2010-11-30,0.0,0.0,90.94166666666673,67.30833333333332,30.991666666666646,18.791666666666668,52.03333333333337,0.0,0.0,209.96666666666658,31.491666666666674,0.0,102.96666666666661,0.0,127.79166666666661,75.49999999999997,0.0,30.274999999999984,113.36666666666667,1.6000000000000012,20.99166666666666,198.65000000000012,0.0,146.2666666666667,0.0,0.0,24.516666666666655,0.0,112.64999999999993,0.0,1.8833333333333366,193.95833333333343,83.60833333333332,41.125000000000014
2010-12-31,0.0,0.0,93.20000000000007,67.69999999999999,31.899999999999977,20.5,52.60000000000004,0.0,0.0,212.5999999999999,30.60000000000001,0.0,101.29999999999994,0.0,128.49999999999994,76.79999999999997,0.0,30.299999999999983,113.60000000000001,1.3322676295501878e-15,22.89999999999999,200.70000000000013,0.0,148.20000000000005,0.0,0.0,24.599999999999987,0.0,116.49999999999993,0.0,3.1086244689504383e-15,195.7000000000001,83.49999999999999,42.100000000000016
2011-01-31,0.0,0.0,93.75,67.23333333333333,32.125,21.858333333333334,53.125,0.0,0.0,219.09166666666667,33.59166666666667,0.0,103.58333333333333,3.3833333333333333,133.20833333333334,77.08333333333333,0.0,27.775000000000002,116.07499999999999,0.0,20.991666666666667,200.49166666666665,0.0,148.19166666666666,0.0,0.0,24.975,0.0,122.55,3.908333333333333,0.0,198.23333333333332,87.96666666666667,41.44166666666667
2011-02-28,0.0,0.0,94.3,66.76666666666667,32.35,23.21666666666667,53.65,0.0,0.0,225.58333333333334,36.583333333333336,0.0,105.86666666666666,6.766666666666667,137.91666666666669,77.36666666666666,0.0,25.250000000000004,118.54999999999998,0.0,19.083333333333336,200.2833333333333,0.0,148.18333333333334,0.0,0.0,25.35,0.0,128.6,7.816666666666666,0.0,200.76666666666665,92.43333333333334,40.78333333333334
2011-03-31,0.0,0.0,94.85,66.3,32.575,24.575000000000003,54.175,0.0,0.0,232.07500000000002,39.575,0.0,108.14999999999999,10.15,142.62500000000003,77.64999999999999,0.0,22.725000000000005,121.02499999999998,0.0,17.175000000000004,200.07499999999996,0.0,148.175,0.0,0.0,25.725,0.0,134.65,11.725,0.0,203.29999999999998,96.9,40.12500000000001
2011-04-30,0.0,0.0,95.39999999999999,65.83333333333333,32.800000000000004,25.933333333333337,54.699999999999996,0.0,0.0,238.5666666666667,42.56666666666667,0.0,110.43333333333332,13.533333333333333,147.33333333333337,77.93333333333332,0.0,20.200000000000006,123.49999999999997,0.0,15.266666666666671,199.86666666666662,0.0,148.16666666666669,0.0,0.0,26.1,0.0,140.70000000000002,15.633333333333333,0.0,205.83333333333331,101.36666666666667,39.466666666666676
2011-05-31,0.0,0.0,95.94999999999999,65.36666666666666,33.025000000000006,27.29166666666667,55.224999999999994,0.0,0.0,245.05833333333337,45.55833333333334,0.0,112.71666666666665,16.916666666666668,152.0416666666667,78.21666666666665,0.0,17.675000000000008,125.97499999999997,0.0,13.358333333333338,199.65833333333327,0.0,148.15833333333336,0.0,0.0,26.475,0.0,146.75000000000003,19.541666666666664,0.0,208.36666666666665,105.83333333333334,38.808333333333344
2011-06-30,0.0,0.0,96.49999999999999,64.89999999999999,33.25000000000001,28.650000000000006,55.74999999999999,0.0,0.0,251.55000000000004,48.550000000000004,0.0,114.99999999999999,20.3,156.75000000000006,78.49999999999999,0.0,15.150000000000007,128.44999999999996,0.0,11.450000000000005,199.44999999999993,0.0,148.15000000000003,0.0,0.0,26.85,0.0,152.80000000000004,23.449999999999996,0.0,210.89999999999998,110.30000000000001,38.15000000000001
2011-07-31,0.0,0.0,97.04999999999998,64.43333333333332,33.47500000000001,30.00833333333334,56.27499999999999,0.0,0.0,258.0416666666667,51.54166666666667,0.0,117.28333333333332,23.683333333333334,161.4583333333334,78.78333333333332,0.0,12.625000000000007,130.92499999999995,0.0,9.541666666666671,199.2416666666666,0.0,148.1416666666667,0.0,0.0,27.225,0.0,158.85000000000005,27.358333333333327,0.0,213.4333333333333,114.76666666666668,37.49166666666668
2011-08-31,0.0,0.0,97.59999999999998,63.966666666666654,33.70000000000001,31.366666666666674,56.79999999999999,0.0,0.0,264.53333333333336,54.53333333333334,0.0,119.56666666666665,27.066666666666666,166.16666666666674,79.06666666666665,0.0,10.100000000000007,133.39999999999995,0.0,7.633333333333338,199.03333333333325,0.0,148.13333333333338,0.0,0.0,27.6,0.0,164.90000000000006,31.26666666666666,0.0,215.96666666666664,119.23333333333335,36.83333333333335
2011-09-30,0.0,0.0,98.14999999999998,63.499999999999986,33.92500000000001,32.72500000000001,57.32499999999999,0.0,0.0,271.02500000000003,57.525000000000006,0.0,121.84999999999998,30.45,170.87500000000009,79.34999999999998,0.0,7.575000000000006,135.87499999999994,0.0,5.725000000000005,198.8249999999999,0.0,148.12500000000006,0.0,0.0,27.975,0.0,170.95000000000007,35.17499999999999,0.0,218.49999999999997,123.70000000000002,36.17500000000002
2011-10-31,0.0,0.0,98.69999999999997,63.03333333333332,34.15000000000001,34.08333333333334,57.84999999999999,0.0,0.0,277.5166666666667,60.51666666666667,0.0,124.13333333333331,33.833333333333336,175.58333333333343,79.63333333333331,0.0,5.050000000000006,138.34999999999994,0.0,3.8166666666666718,198.61666666666656,0.0,148.11666666666673,0.0,0.0,28.35,0.0,177.00000000000009,39.08333333333332,0.0,221.0333333333333,128.16666666666669,35.51666666666669
2011-11-30,0.0,0.0,99.24999999999997,62.56666666666665,34.375000000000014,35.44166666666668,58.374999999999986,0.0,0.0,284.0083333333334,63.50833333333334,0.0,126.41666666666664,37.21666666666667,180.29166666666677,79.91666666666664,0.0,2.525000000000006,140.82499999999993,0.0,1.9083333333333385,198.40833333333322,0.0,148.1083333333334,0.0,0.0,28.725,0.0,183.0500000000001,42.99166666666665,0.0,223.56666666666663,132.63333333333335,34.858333333333356
2011-12-31,0.0,0.0,99.79999999999997,62.09999999999998,34.600000000000016,36.80000000000001,58.899999999999984,0.0,0.0,290.50000000000006,66.5,0.0,128.7,40.6,185.0000000000001,80.19999999999997,0.0,6.217248937900877e-15,143.29999999999993,0.0,5.329070518200751e-15,198.19999999999987,0.0,148.10000000000008,0.0,0.0,29.1,0.0,189.1000000000001,46.899999999999984,0.0,226.09999999999997,137.10000000000002,34.200000000000024
2012-01-31,0.0,0.0,105.06666666666666,72.50833333333334,31.71666666666667,39.28333333333333,64.225,0.0,0.0,296.1666666666667,68.19166666666666,0.0,128.00833333333333,37.21666666666667,187.25,86.11666666666667,0.0,4.425,150.81666666666666,0.0,0.0,203.7,3.4250000000000003,156.14166666666665,0.0,0.0,30.866666666666667,0.0,189.825,49.641666666666666,0.0,230.93333333333334,137.85833333333332,35.708333333333336
2012-02-29,0.0,0.0,110.33333333333333,82.91666666666667,28.833333333333336,41.766666666666666,69.55,0.0,0.0,301.83333333333337,69.88333333333333,0.0,127.31666666666666,33.833333333333336,189.5,92.03333333333335,0.0,8.85,158.33333333333331,0.0,0.0,209.2,6.8500000000000005,164.1833333333333,0.0,0.0,32.63333333333333,0.0,190.54999999999998,52.38333333333333,0.0,235.76666666666668,138.61666666666665,37.21666666666667
2012-03-31,0.0,0.0,115.6,93.325,25.950000000000003,44.25,74.875,0.0,0.0,307.50000000000006,71.57499999999999,0.0,126.625,30.450000000000003,191.75,97.95000000000002,0.0,13.274999999999999,165.84999999999997,0.0,0.0,214.7,10.275,172.22499999999997,0.0,0.0,34.4,0.0,191.27499999999998,55.125,0.0,240.60000000000002,139.37499999999997,38.725
2012-04-30,0.0,0.0,120.86666666666666,103.73333333333333,23.06666666666667,46.733333333333334,80.2,0.0,0.0,313.16666666666674,73.26666666666665,0.0,125.93333333333334,27.06666666666667,194.0,103.86666666666669,0.0,17.7,173.36666666666662,0.0,0.0,220.2,13.700000000000001,180.26666666666662,0.0,0.0,36.166666666666664,0.0,191.99999999999997,57.86666666666667,0.0,245.43333333333337,140.1333333333333,40.233333333333334
2012-05-31,0.0,0.0,126.13333333333333,114.14166666666667,20.183333333333337,49.21666666666667,85.525,0.0,0.0,318.8333333333334,74.95833333333331,0.0,125.24166666666667,23.683333333333337,196.25,109.78333333333336,0.0,22.125,180.88333333333327,0.0,0.0,225.7,17.125,188.30833333333328,0.0,0.0,37.93333333333333,0.0,192.72499999999997,60.608333333333334,0.0,250.2666666666667,140.89166666666662,41.74166666666667
2012-06-30,0.0,0.0,131.4,124.55,17.300000000000004,51.7,90.85000000000001,0.0,0.0,324.5000000000001,76.64999999999998,0.0,124.55000000000001,20.300000000000004,198.5,115.70000000000003,0.0,26.55,188.39999999999992,0.0,0.0,231.2,20.55,196.34999999999994,0.0,0.0,39.699999999999996,0.0,193.44999999999996,63.35,0.0,255.10000000000005,141.64999999999995,43.25
2012-07-31,0.0,0.0,136.66666666666669,134.95833333333334,14.416666666666671,54.18333333333334,96.17500000000001,0.0,0.0,330.1666666666668,78.34166666666664,0.0,123.85833333333335,16.91666666666667,200.75,121.6166666666667,0.0,30.975,195.91666666666657,0.0,0.0,236.7,23.975,204.3916666666666,0.0,0.0,41.46666666666666,0.0,194.17499999999995,66.09166666666667,0.0,259.9333333333334,142.40833333333327,44.75833333333333
2012-08-31,0.0,0.0,141.93333333333337,145.36666666666667,11.533333333333339,56.66666666666667,101.50000000000001,0.0,0.0,335.8333333333335,80.0333333333333,0.0,123.16666666666669,13.533333333333339,203.0,127.53333333333337,0.0,35.4,203.43333333333322,0.0,0.0,242.2,27.400000000000002,212.43333333333325,0.0,0.0,43.23333333333333,0.0,194.89999999999995,68.83333333333333,0.0,264.7666666666667,143.1666666666666,46.266666666666666
2012-09-30,0.0,0.0,147.20000000000005,155.775,8.650000000000006,59.150000000000006,106.82500000000002,0.0,0.0,341.50000000000017,81.72499999999997,0.0,122.47500000000002,10.150000000000006,205.25,133.45000000000005,0.0,39.824999999999996,210.94999999999987,0.0,0.0,247.7,30.825000000000003,220.4749999999999,0.0,0.0,44.99999999999999,0.0,195.62499999999994,71.57499999999999,0.0,269.6,143.92499999999993,47.775
2012-10-31,0.0,0.0,152.46666666666673,166.18333333333334,5.766666666666673,61.63333333333334,112.15000000000002,0.0,0.0,347.16666666666686,83.41666666666663,0.0,121.78333333333336,6.766666666666673,207.5,139.3666666666667,0.0,44.24999999999999,218.46666666666653,0.0,0.0,253.2,34.25,228.51666666666657,0.0,0.0,46.76666666666666,0.0,196.34999999999994,74.31666666666665,0.0,274.43333333333334,144.68333333333325,49.28333333333333
2012-11-30,0.0,0.0,157.7333333333334,176.59166666666667,2.8833333333333395,64.11666666666667,117.47500000000002,0.0,0.0,352.83333333333354,85.10833333333329,0.0,121.0916666666667,3.3833333333333395,209.75,145.28333333333336,0.0,48.67499999999999,225.98333333333318,0.0,0.0,258.7,37.675,236.55833333333322,0.0,0.0,48.533333333333324,0.0,197.07499999999993,77.05833333333331,0.0,279.26666666666665,145.44166666666658,50.791666666666664
2012-12-31,0.0,0.0,163.00000000000009,187.0,6.217248937900877e-15,66.60000000000001,122.80000000000003,0.0,0.0,358.5000000000002,86.79999999999995,0.0,120.40000000000003,6.217248937900877e-15,212.0,151.20000000000002,0.0,53.09999999999999,233.49999999999983,0.0,0.0,264.2,41.099999999999994,244.59999999999988,0.0,0.0,50.29999999999999,0.0,197.79999999999993,79.79999999999997,0.0,284.09999999999997,146.1999999999999,52.3
2013-01-31,0.0,0.0,168.40833333333333,177.53333333333333,0.0,67.25,125.43333333333334,0.0,0.0,354.9583333333333,87.625,0.0,126.025,0.0,217.075,149.0,0.0,53.300000000000004,230.06666666666666,0.0,0.0,265.2416666666667,41.68333333333334,239.31666666666666,0.0,3.8000000000000003,46.108333333333334,0.0,197.175,77.43333333333334,0.0,290.81666666666666,147.325,53.36666666666666
2013-02-28,0.0,0.0,173.81666666666666,168.06666666666666,0.0,67.9,128.06666666666666,0.0,0.0,351.41666666666663,88.45,0.0,131.65,0.0,222.14999999999998,146.8,0.0,53.50000000000001,226.63333333333333,0.0,0.0,266.28333333333336,42.26666666666667,234.03333333333333,0.0,7.6000000000000005,41.91666666666667,0.0,196.55,75.06666666666668,0.0,297.5333333333333,148.45,54.43333333333332
2013-03-31,0.0,0.0,179.225,158.6,0.0,68.55000000000001,130.7,0.0,0.0,347.87499999999994,89.275,0.0,137.275,0.0,227.22499999999997,144.60000000000002,0.0,53.70000000000001,223.2,0.0,0.0,267.32500000000005,42.85000000000001,228.75,0.0,11.4,37.72500000000001,0.0,195.925,72.70000000000002,0.0,304.24999999999994,149.575,55.499999999999986
2013-04-30,0.0,0.0,184.63333333333333,149.13333333333333,0.0,69.20000000000002,133.33333333333331,0.0,0.0,344.33333333333326,90.10000000000001,0.0,142.9,0.0,232.29999999999995,142.40000000000003,0.0,53.90000000000001,219.76666666666665,0.0,0.0,268.36666666666673,43.433333333333344,223.46666666666667,0.0,15.200000000000001,33.533333333333346,0.0,195.3,70.33333333333336,0.0,310.9666666666666,150.7,56.56666666666665
2013-05-31,0.0,0.0,190.04166666666666,139.66666666666666,0.0,69.85000000000002,135.96666666666664,0.0,0.0,340.7916666666666,90.92500000000001,0.0,148.525,0.0,237.37499999999994,140.20000000000005,0.0,54.100000000000016,216.33333333333331,0.0,0.0,269.4083333333334,44.01666666666668,218.18333333333334,0.0,19.0,29.34166666666668,0.0,194.675,67.9666666666667,0.0,317.6833333333332,151.825,57.63333333333331
2013-06-30,0.0,0.0,195.45,130.2,0.0,70.50000000000003,138.59999999999997,0.0,0.0,337.2499999999999,91.75000000000001,0.0,154.15,0.0,242.44999999999993,138.00000000000006,0.0,54.30000000000002,212.89999999999998,0.0,0.0,270.4500000000001,44.600000000000016,212.9,0.0,22.8,25.150000000000013,0.0,194.05,65.60000000000004,0.0,324.39999999999986,152.95,58.699999999999974
2013-07-31,0.0,0.0,200.85833333333332,120.73333333333332,0.0,71.15000000000003,141.2333333333333,0.0,0.0,333.7083333333332,92.57500000000002,0.0,159.775,0.0,247.52499999999992,135.80000000000007,0.0,54.50000000000002,209.46666666666664,0.0,0.0,271.4916666666668,45.18333333333335,207.61666666666667,0.0,26.6,20.958333333333346,0.0,193.425,63.23333333333337,0.0,331.1166666666665,154.075,59.76666666666664
2013-08-31,0.0,0.0,206.26666666666665,111.26666666666665,0.0,71.80000000000004,143.86666666666662,0.0,0.0,330.1666666666665,93.40000000000002,0.0,165.4,0.0,252.5999999999999,133.60000000000008,0.0,54.700000000000024,206.0333333333333,0.0,0.0,272.5333333333335,45.76666666666669,202.33333333333334,0.0,30.400000000000002,16.76666666666668,0.0,192.8,60.8666666666667,0.0,337.83333333333314,155.2,60.8333333333333
2013-09-30,0.0,0.0,211.67499999999998,101.79999999999998,0.0,72.45000000000005,146.49999999999994,0.0,0.0,326.62499999999983,94.22500000000002,0.0,171.025,0.0,257.6749999999999,131.4000000000001,0.0,54.90000000000003,202.59999999999997,0.0,0.0,273.57500000000016,46.35000000000002,197.05,0.0,34.2,12.575000000000014,0.0,192.175,58.500000000000036,0.0,344.5499999999998,156.325,61.89999999999996
2013-10-31,0.0,0.0,217.08333333333331,92.33333333333331,0.0,73.10000000000005,149.13333333333327,0.0,0.0,323.08333333333314,95.05000000000003,0.0,176.65,0.0,262.7499999999999,129.2000000000001,0.0,55.10000000000003,199.16666666666663,0.0,0.0,274.61666666666684,46.93333333333336,191.76666666666668,0.0,38.0,8.383333333333347,0.0,191.55,56.13333333333337,0.0,351.2666666666664,157.45,62.966666666666626
2013-11-30,0.0,0.0,222.49166666666665,82.86666666666665,0.0,73.75000000000006,151.7666666666666,0.0,0.0,319.54166666666646,95.87500000000003,0.0,182.275,0.0,267.8249999999999,127.0000000000001,0.0,55.30000000000003,195.7333333333333,0.0,0.0,275.65833333333353,47.516666666666694,186.48333333333335,0.0,41.8,4.191666666666681,0.0,190.925,53.7666666666667,0.0,357.98333333333306,158.575,64.03333333333329
2013-12-31,0.0,0.0,227.89999999999998,73.39999999999998,0.0,74.40000000000006,154.39999999999992,0.0,0.0,315.9999999999998,96.70000000000003,0.0,187.9,0.0,272.89999999999986,124.8000000000001,0.0,55.500000000000036,192.29999999999995,0.0,0.0,276.7000000000002,48.10000000000003,181.20000000000002,0.0,45.599999999999994,1.4210854715202004e-14,0.0,190.3,51.400000000000034,0.0,364.6999999999997,159.7,65.09999999999995
2014-01-31,0.0,0.0,223.81666666666666,80.17500000000001,0.0,74.51666666666667,155.15,0.0,0.0,311.18333333333334,95.91666666666667,3.6,190.84166666666667,3.4916666666666667,279.075,124.59166666666667,0.0,56.43333333333334,194.30833333333334,0.0,0.0,272.09999999999997,44.09166666666667,186.73333333333332,0.0,41.800000000000004,0.0,0.0,188.70833333333334,52.18333333333333,0.0,355.5833333333333,157.15833333333333,64.82499999999999
2014-02-28,0.0,0.0,219.73333333333332,86.95000000000002,0.0,74.63333333333333,155.9,0.0,0.0,306.3666666666667,95.13333333333334,7.2,193.78333333333333,6.983333333333333,285.25,124.38333333333334,0.0,57.366666666666674,196.31666666666666,0.0,0.0,267.49999999999994,40.083333333333336,192.26666666666665,0.0,38.00000000000001,0.0,0.0,187.11666666666667,52.96666666666666,0.0,346.46666666666664,154.61666666666667,64.54999999999998
2014-03-31,0.0,0.0,215.64999999999998,93.72500000000002,0.0,74.74999999999999,156.65,0.0,0.0,301.55,94.35000000000001,10.8,196.725,10.475,291.425,124.17500000000001,0.0,58.30000000000001,198.325,0.0,0.0,262.8999999999999,36.075,197.79999999999998,0.0,34.20000000000001,0.0,0.0,185.525,53.74999999999999,0.0,337.34999999999997,152.07500000000002,64.27499999999998
2014-04-30,0.0,0.0,211.56666666666663,100.50000000000003,0.0,74.86666666666665,157.4,0.0,0.0,296.73333333333335,93.56666666666668,14.4,199.66666666666666,13.966666666666667,297.6,123.96666666666668,0.0,59.23333333333335,200.33333333333331,0.0,0.0,258.2999999999999,32.06666666666667,203.33333333333331,0.0,30.40000000000001,0.0,0.0,183.93333333333334,54.533333333333324,0.0,328.2333333333333,149.53333333333336,63.99999999999998
2014-05-31,0.0,0.0,207.4833333333333,107.27500000000003,0.0,74.9833333333333,158.15,0.0,0.0,291.9166666666667,92.78333333333335,18.0,202.60833333333332,17.458333333333332,303.77500000000003,123.75833333333335,0.0,60.166666666666686,202.34166666666664,0.0,0.0,253.6999999999999,28.058333333333337,208.86666666666665,0.0,26.60000000000001,0.0,0.0,182.34166666666667,55.316666666666656,0.0,319.1166666666666,146.9916666666667,63.72499999999998
2014-06-30,0.0,0.0,203.39999999999995,114.05000000000004,0.0,75.09999999999997,158.9,0.0,0.0,287.1,92.00000000000001,21.6,205.54999999999998,20.95,309.95000000000005,123.55000000000003,0.0,61.10000000000002,204.34999999999997,0.0,0.0,249.0999999999999,24.050000000000004,214.39999999999998,0.0,22.800000000000008,0.0,0.0,180.75,56.09999999999999,0.0,309.99999999999994,144.45000000000005,63.44999999999998
2014-07-31,0.0,0.0,199.3166666666666,120.82500000000005,0.0,75.21666666666663,159.65,0.0,0.0,282.28333333333336,91.21666666666668,25.200000000000003,208.49166666666665,24.441666666666666,316.12500000000006,123.3416666666667,0.0,62.03333333333336,206.3583333333333,0.0,0.0,244.49999999999991,20.04166666666667,219.9333333333333,0.0,19.000000000000007,0.0,0.0,179.15833333333333,56.88333333333332,0.0,300.88333333333327,141.9083333333334,63.17499999999998
2014-08-31,0.0,0.0,195.23333333333326,127.60000000000005,0.0,75.33333333333329,160.4,0.0,0.0,277.4666666666667,90.43333333333335,28.800000000000004,211.4333333333333,27.933333333333334,322.30000000000007,123.13333333333337,0.0,62.9666666666667,208.36666666666662,0.0,0.0,239.89999999999992,16.03333333333334,225.46666666666664,0.0,15.200000000000006,0.0,0.0,177.56666666666666,57.66666666666665,0.0,291.7666666666666,139.36666666666673,62.899999999999984
2014-09-30,0.0,0.0,191.14999999999992,134.37500000000006,0.0,75.44999999999995,161.15,0.0,0.0,272.65000000000003,89.65000000000002,32.400000000000006,214.37499999999997,31.425,328.4750000000001,122.92500000000004,0.0,63.900000000000034,210.37499999999994,0.0,0.0,235.29999999999993,12.025000000000006,230.99999999999997,0.0,11.400000000000006,0.0,0.0,175.975,58.44999999999998,0.0,282.6499999999999,136.82500000000007,62.624999999999986
2014-10-31,0.0,0.0,187.06666666666658,141.15000000000006,0.0,75.5666666666666,161.9,0.0,0.0,267.83333333333337,88.86666666666669,36.00000000000001,217.31666666666663,34.916666666666664,334.6500000000001,122.71666666666671,0.0,64.83333333333337,212.38333333333327,0.0,0.0,230.69999999999993,8.016666666666673,236.5333333333333,0.0,7.600000000000005,0.0,0.0,174.38333333333333,59.23333333333331,0.0,273.53333333333325,134.28333333333342,62.34999999999999
2014-11-30,0.0,0.0,182.98333333333323,147.92500000000007,0.0,75.68333333333327,162.65,0.0,0.0,263.0166666666667,88.08333333333336,39.60000000000001,220.2583333333333,38.40833333333333,340.8250000000001,122.50833333333338,0.0,65.76666666666671,214.3916666666666,0.0,0.0,226.09999999999994,4.008333333333339,242.06666666666663,0.0,3.8000000000000047,0.0,0.0,172.79166666666666,60.016666666666644,0.0,264.4166666666666,131.74166666666676,62.07499999999999
2014-12-31,0.0,0.0,178.8999999999999,154.70000000000007,0.0,75.79999999999993,163.4,0.0,0.0,258.20000000000005,87.30000000000003,43.20000000000001,223.19999999999996,41.9,347.0000000000001,122.30000000000005,0.0,66.70000000000005,216.39999999999992,0.0,0.0,221.49999999999994,5.329070518200751e-15,247.59999999999997,0.0,4.440892098500626e-15,0.0,0.0,171.2,60.799999999999976,0.0,255.2999999999999,129.2000000000001,61.79999999999999
2015-01-31,0.0,0.0,184.375,156.79166666666666,0.0,76.925,159.26666666666668,0.0,0.0,261.55,87.15833333333333,39.6,234.91666666666666,42.36666666666667,347.76666666666665,127.13333333333333,0.0,67.425,214.41666666666669,0.0,0.0,227.79166666666666,0.0,256.175,0.0,4.4750000000000005,0.0,0.0,171.09166666666667,63.03333333333333,0.0,261.5916666666667,134.24166666666665,61.0
2015-02-28,0.0,0.0,189.85,158.88333333333333,0.0,78.05,155.13333333333335,0.0,0.0,264.90000000000003,87.01666666666667,36.0,246.63333333333333,42.833333333333336,348.5333333333333,131.96666666666667,0.0,68.14999999999999,212.43333333333334,0.0,0.0,234.08333333333331,0.0,264.75,0.0,8.950000000000001,0.0,0.0,170.98333333333335,65.26666666666667,0.0,267.8833333333334,139.2833333333333,60.2
2015-03-31,0.0,0.0,195.325,160.975,0.0,79.175,151.00000000000003,0.0,0.0,268.25000000000006,86.875,32.4,258.35,43.300000000000004,349.29999999999995,136.8,0.0,68.87499999999999,210.45,0.0,0.0,240.37499999999997,0.0,273.325,0.0,13.425,0.0,0.0,170.87500000000003,67.5,0.0,274.17500000000007,144.32499999999996,59.400000000000006
2015-04-30,0.0,0.0,200.79999999999998,163.06666666666666,0.0,80.3,146.8666666666667,0.0,0.0,271.6000000000001,86.73333333333333,28.799999999999997,270.0666666666667,43.76666666666667,350.0666666666666,141.63333333333335,0.0,69.59999999999998,208.46666666666664,0.0,0.0,246.66666666666663,0.0,281.9,0.0,17.900000000000002,0.0,0.0,170.7666666666667,69.73333333333333,0.0,280.46666666666675,149.36666666666662,58.60000000000001
2015-05-31,0.0,0.0,206.27499999999998,165.15833333333333,0.0,81.425,142.73333333333338,0.0,0.0,274.9500000000001,86.59166666666667,25.199999999999996,281.7833333333334,44.23333333333334,350.83333333333326,146.4666666666667,0.0,70.32499999999997,206.4833333333333,0.0,0.0,252.9583333333333,0.0,290.47499999999997,0.0,22.375000000000004,0.0,0.0,170.6583333333334,71.96666666666667,0.0,286.75833333333344,154.40833333333327,57.80000000000001
2015-06-30,0.0,0.0,211.74999999999997,167.25,0.0,82.55,138.60000000000005,0.0,0.0,278.3000000000001,86.45,21.599999999999994,293.5000000000001,44.70000000000001,351.5999999999999,151.30000000000004,0.0,71.04999999999997,204.49999999999994,0.0,0.0,259.24999999999994,0.0,299.04999999999995,0.0,26.850000000000005,0.0,0.0,170.55000000000007,74.2,0.0,293.0500000000001,159.44999999999993,57.000000000000014
2015-07-31,0.0,0.0,217.22499999999997,169.34166666666667,0.0,83.675,134.46666666666673,0.0,0.0,281.65000000000015,86.30833333333334,17.999999999999993,305.2166666666668,45.16666666666668,352.36666666666656,156.13333333333338,0.0,71.77499999999996,202.5166666666666,0.0,0.0,265.54166666666663,0.0,307.62499999999994,0.0,31.325000000000006,0.0,0.0,170.44166666666675,76.43333333333334,0.0,299.3416666666668,164.4916666666666,56.20000000000002
2015-08-31,0.0,0.0,222.69999999999996,171.43333333333334,0.0,84.8,130.3333333333334,0.0,0.0,285.00000000000017,86.16666666666667,14.399999999999993,316.9333333333335,45.63333333333335,353.1333333333332,160.96666666666673,0.0,72.49999999999996,200.53333333333325,0.0,0.0,271.8333333333333,0.0,316.19999999999993,0.0,35.800000000000004,0.0,0.0,170.33333333333343,78.66666666666667,0.0,305.6333333333335,169.53333333333325,55.40000000000002
2015-09-30,0.0,0.0,228.17499999999995,173.525,0.0,85.925,126.20000000000006,0.0,0.0,288.3500000000002,86.025,10.799999999999994,328.6500000000002,46.100000000000016,353.89999999999986,165.80000000000007,0.0,73.22499999999995,198.5499999999999,0.0,0.0,278.125,0.0,324.7749999999999,0.0,40.275000000000006,0.0,0.0,170.2250000000001,80.9,0.0,311.9250000000002,174.5749999999999,54.60000000000002
2015-10-31,0.0,0.0,233.64999999999995,175.61666666666667,0.0,87.05,122.06666666666672,0.0,0.0,291.7000000000002,85.88333333333334,7.199999999999994,340.3666666666669,46.566666666666684,354.6666666666665,170.6333333333334,0.0,73.94999999999995,196.56666666666655,0.0,0.0,284.4166666666667,0.0,333.3499999999999,0.0,44.75000000000001,0.0,0.0,170.1166666666668,83.13333333333334,0.0,318.21666666666687,179.61666666666656,53.800000000000026
2015-11-30,0.0,0.0,239.12499999999994,177.70833333333334,0.0,88.175,117.93333333333338,0.0,0.0,295.05000000000024,85.74166666666667,3.599999999999994,352.0833333333336,47.03333333333335,355.43333333333317,175.46666666666675,0.0,74.67499999999994,194.5833333333332,0.0,0.0,290.70833333333337,0.0,341.9249999999999,0.0,49.22500000000001,0.0,0.0,170.00833333333347,85.36666666666667,0.0,324.50833333333355,184.65833333333322,53.00000000000003
2015-12-31,0.0,0.0,244.59999999999994,179.8,0.0,89.3,113.80000000000004,0.0,0.0,298.40000000000026,85.60000000000001,-6.217248937900877e-15,363.8000000000003,47.50000000000002,356.1999999999998,180.3000000000001,0.0,75.39999999999993,192.59999999999985,0.0,0.0,297.00000000000006,0.0,350.4999999999999,0.0,53.70000000000001,0.0,0.0,169.90000000000015,87.60000000000001,0.0,330.80000000000024,189.69999999999987,52.20000000000003
2016-01-31,0.0,0.0,250.575,179.89166666666668,0.0,92.55833333333334,117.33333333333333,0.0,6.233333333333333,313.9833333333333,87.59166666666667,0.0,353.3416666666667,49.44166666666666,369.01666666666665,189.70000000000002,0.0,76.65,202.6,0.0,0.0,296.6333333333333,0.0,362.76666666666665,0.0,49.225,0.0,0.0,180.39166666666668,91.09166666666667,0.0,336.0083333333333,191.66666666666666,57.175000000000004
2016-02-29,0.0,0.0,256.55,179.98333333333335,0.0,95.81666666666668,120.86666666666666,0.0,12.466666666666667,329.5666666666666,89.58333333333334,0.0,342.8833333333334,51.383333333333326,381.8333333333333,199.10000000000002,0.0,77.9,212.6,0.0,0.0,296.26666666666665,0.0,375.0333333333333,0.0,44.75,0.0,0.0,190.88333333333335,94.58333333333334,0.0,341.21666666666664,193.63333333333333,62.150000000000006
2016-03-31,0.0,0.0,262.52500000000003,180.07500000000002,0.0,99.07500000000002,124.39999999999999,0.0,18.7,345.1499999999999,91.57500000000002,0.0,332.42500000000007,53.32499999999999,394.65,208.50000000000003,0.0,79.15,222.6,0.0,0.0,295.9,0.0,387.29999999999995,0.0,40.275,0.0,0.0,201.37500000000003,98.07500000000002,0.0,346.42499999999995,195.6,67.125
2016-04-30,0.0,0.0,268.50000000000006,180.16666666666669,0.0,102.33333333333336,127.93333333333332,0.0,24.933333333333334,360.73333333333323,93.56666666666669,0.0,321.96666666666675,55.26666666666665,407.46666666666664,217.90000000000003,0.0,80.4,232.6,0.0,0.0,295.5333333333333,0.0,399.5666666666666,0.0,35.8,0.0,0.0,211.8666666666667,101.56666666666669,0.0,351.63333333333327,197.56666666666666,72.1
2016-05-31,0.0,0.0,274.4750000000001,180.25833333333335,0.0,105.5916666666667,131.46666666666667,0.0,31.166666666666668,376.31666666666655,95.55833333333337,0.0,311.50833333333344,57.208333333333314,420.2833333333333,227.30000000000004,0.0,81.65,242.6,0.0,0.0,295.16666666666663,0.0,411.83333333333326,0.0,31.324999999999996,0.0,0.0,222.35833333333338,105.05833333333337,0.0,356.8416666666666,199.53333333333333,77.07499999999999
2016-06-30,0.0,0.0,280.4500000000001,180.35000000000002,0.0,108.85000000000004,135.0,0.0,37.4,391.89999999999986,97.55000000000004,0.0,301.0500000000001,59.14999999999998,433.09999999999997,236.70000000000005,0.0,82.9,252.6,0.0,0.0,294.79999999999995,0.0,424.0999999999999,0.0,26.849999999999994,0.0,0.0,232.85000000000005,108.55000000000004,0.0,362.0499999999999,201.5,82.04999999999998
2016-07-31,0.0,0.0,286.4250000000001,180.4416666666667,0.0,112.10833333333338,138.53333333333333,0.0,43.63333333333333,407.4833333333332,99.54166666666671,0.0,290.5916666666668,61.09166666666664,445.91666666666663,246.10000000000005,0.0,84.15,262.6,0.0,0.0,294.4333333333333,0.0,436.36666666666656,0.0,22.374999999999993,0.0,0.0,243.34166666666673,112.04166666666671,0.0,367.2583333333332,203.46666666666667,87.02499999999998
2016-08-31,0.0,0.0,292.40000000000015,180.53333333333336,0.0,115.36666666666672,142.06666666666666,0.0,49.86666666666667,423.0666666666665,101.53333333333339,0.0,280.1333333333335,63.0333333333333,458.7333333333333,255.50000000000006,0.0,85.4,272.6,0.0,0.0,294.0666666666666,0.0,448.6333333333332,0.0,17.89999999999999,0.0,0.0,253.8333333333334,115.53333333333339,0.0,372.4666666666665,205.43333333333334,91.99999999999997
2016-09-30,0.0,0.0,298.37500000000017,180.62500000000003,0.0,118.62500000000006,145.6,0.0,56.1,438.6499999999998,103.52500000000006,0.0,269.6750000000002,64.97499999999997,471.54999999999995,264.90000000000003,0.0,86.65,282.6,0.0,0.0,293.69999999999993,0.0,460.89999999999986,0.0,13.42499999999999,0.0,0.0,264.32500000000005,119.02500000000006,0.0,377.67499999999984,207.4,96.97499999999997
2016-10-31,0.0,0.0,304.3500000000002,180.7166666666667,0.0,121.8833333333334,149.13333333333333,0.0,62.333333333333336,454.2333333333331,105.51666666666674,0.0,259.21666666666687,66.91666666666663,484.3666666666666,274.3,0.0,87.9,292.6,0.0,0.0,293.33333333333326,0.0,473.1666666666665,0.0,8.949999999999989,0.0,0.0,274.8166666666667,122.51666666666674,0.0,382.88333333333316,209.36666666666667,101.94999999999996
2016-11-30,0.0,0.0,310.3250000000002,180.80833333333337,0.0,125.14166666666674,152.66666666666666,0.0,68.56666666666666,469.81666666666644,107.50833333333341,0.0,248.75833333333352,68.85833333333329,497.1833333333333,283.7,0.0,89.15,302.6,0.0,0.0,292.9666666666666,0.0,485.43333333333317,0.0,4.474999999999988,0.0,0.0,285.3083333333334,126.00833333333341,0.0,388.09166666666647,211.33333333333334,106.92499999999995
2016-12-31,0.0,0.0,316.30000000000024,180.90000000000003,0.0,128.40000000000006,156.2,0.0,74.8,485.39999999999975,109.50000000000009,0.0,238.30000000000018,70.79999999999995,509.99999999999994,293.09999999999997,0.0,90.4,312.6,0.0,0.0,292.5999999999999,0.0,497.6999999999998,0.0,-1.2434497875801753e-14,0.0,0.0,295.80000000000007,129.50000000000009,0.0,393.2999999999998,213.3,111.89999999999995
2017-01-31,0.0,0.0,315.8833333333333,179.99166666666667,0.0,126.43333333333334,165.20833333333331,0.0,76.88333333333333,477.54999999999995,110.28333333333333,0.0,247.13333333333335,64.89999999999999,521.5583333333334,287.7583333333333,0.0,88.25833333333334,314.98333333333335,0.0,0.0,288.70833333333337,0.0,500.48333333333335,0.0,5.7250000000000005,0.0,0.0,295.06666666666666,127.49166666666667,0.0,399.85833333333335,211.76666666666668,109.91666666666667
2017-02-28,0.0,0.0,315.46666666666664,179.08333333333334,0.0,124.46666666666667,174.21666666666664,0.0,78.96666666666665,469.69999999999993,111.06666666666666,0.0,255.9666666666667,58.99999999999999,533.1166666666668,282.41666666666663,0.0,86.11666666666667,317.3666666666667,0.0,0.0,284.8166666666667,0.0,503.2666666666667,0.0,11.450000000000001,0.0,0.0,294.3333333333333,125.48333333333335,0.0,406.4166666666667,210.23333333333335,107.93333333333334
2017-03-31,0.0,0.0,315.04999999999995,178.175,0.0,122.5,183.22499999999997,0.0,81.04999999999998,461.8499999999999,111.85,0.0,264.8,53.099999999999994,544.6750000000002,277.07499999999993,0.0,83.97500000000001,319.75,0.0,0.0,280.92500000000007,0.0,506.05000000000007,0.0,17.175,0.0,0.0,293.59999999999997,123.47500000000002,0.0,412.975,208.70000000000002,105.95
2017-04-30,0.0,0.0,314.63333333333327,177.26666666666668,0.0,120.53333333333333,192.2333333333333,0.0,83.13333333333331,453.9999999999999,112.63333333333333,0.0,273.6333333333333,47.199999999999996,556.2333333333336,271.73333333333323,0.0,81.83333333333334,322.1333333333333,0.0,0.0,277.0333333333334,0.0,508.8333333333334,0.0,22.900000000000002,0.0,0.0,292.8666666666666,121.4666666666667,0.0,419.53333333333336,207.16666666666669,103.96666666666667
2017-05-31,0.0,0.0,314.2166666666666,176.35833333333335,0.0,118.56666666666666,201.24166666666662,0.0,85.21666666666664,446.14999999999986,113.41666666666666,0.0,282.46666666666664,41.3,567.791666666667,266.39166666666654,0.0,79.69166666666668,324.51666666666665,0.0,0.0,273.14166666666677,0.0,511.6166666666668,0.0,28.625000000000004,0.0,0.0,292.13333333333327,119.45833333333337,0.0,426.0916666666667,205.63333333333335,101.98333333333333
2017-06-30,0.0,0.0,313.7999999999999,175.45000000000002,0.0,116.6,210.24999999999994,0.0,87.29999999999997,438.29999999999984,114.19999999999999,0.0,291.29999999999995,35.4,579.3500000000004,261.04999999999984,0.0,77.55000000000001,326.9,0.0,0.0,269.2500000000001,0.0,514.4000000000001,0.0,34.35,0.0,0.0,291.3999999999999,117.45000000000005,0.0,432.65000000000003,204.10000000000002,100.0
2017-07-31,0.0,0.0,313.3833333333332,174.54166666666669,0.0,114.63333333333333,219.25833333333327,0.0,89.3833333333333,430.4499999999998,114.98333333333332,0.0,300.13333333333327,29.5,590.9083333333338,255.70833333333317,0.0,75.40833333333335,329.2833333333333,0.0,0.0,265.35833333333346,0.0,517.1833333333334,0.0,40.075,0.0,0.0,290.6666666666666,115.44166666666672,0.0,439.20833333333337,202.5666666666667,98.01666666666667
2017-08-31,0.0,0.0,312.9666666666665,173.63333333333335,0.0,112.66666666666666,228.2666666666666,0.0,91.46666666666663,422.5999999999998,115.76666666666665,0.0,308.9666666666666,23.6,602.4666666666672,250.3666666666665,0.0,73.26666666666668,331.66666666666663,0.0,0.0,261.4666666666668,0.0,519.9666666666667,0.0,45.800000000000004,0.0,0.0,289.9333333333332,113.4333333333334,0.0,445.7666666666667,201.03333333333336,96.03333333333333
2017-09-30,0.0,0.0,312.54999999999984,172.72500000000002,0.0,110.69999999999999,237.27499999999992,0.0,93.54999999999995,414.7499999999998,116.54999999999998,0.0,317.7999999999999,17.700000000000003,614.0250000000005,245.02499999999984,0.0,71.12500000000001,334.04999999999995,0.0,0.0,257.57500000000016,0.0,522.75,0.0,51.525000000000006,0.0,0.0,289.1999999999999,111.42500000000007,0.0,452.32500000000005,199.50000000000003,94.05
2017-10-31,0.0,0.0,312.13333333333316,171.8166666666667,0.0,108.73333333333332,246.28333333333325,0.0,95.63333333333328,406.89999999999975,117.33333333333331,0.0,326.6333333333332,11.800000000000004,625.5833333333339,239.68333333333317,0.0,68.98333333333335,336.4333333333333,0.0,0.0,253.68333333333348,0.0,525.5333333333333,0.0,57.25000000000001,0.0,0.0,288.4666666666665,109.41666666666674,0.0,458.8833333333334,197.9666666666667,92.06666666666666
2017-11-30,0.0,0.0,311.71666666666647,170.90833333333336,0.0,106.76666666666665,255.29166666666657,0.0,97.71666666666661,399.0499999999997,118.11666666666665,0.0,335.4666666666665,5.900000000000005,637.1416666666673,234.3416666666665,0.0,66.84166666666668,338.8166666666666,0.0,0.0,249.7916666666668,0.0,528.3166666666666,0.0,62.97500000000001,0.0,0.0,287.7333333333332,107.40833333333342,0.0,465.4416666666667,196.43333333333337,90.08333333333333
2017-12-31,0.0,0.0,311.2999999999998,170.00000000000003,0.0,104.79999999999998,264.2999999999999,0.0,99.79999999999994,391.1999999999997,118.89999999999998,0.0,344.29999999999984,5.329070518200751e-15,648.7000000000007,228.99999999999983,0.0,64.70000000000002,341.19999999999993,0.0,0.0,245.90000000000012,0.0,531.0999999999999,0.0,68.7,0.0,0.0,286.99999999999983,105.40000000000009,0.0,472.00000000000006,194.90000000000003,88.1
2018-01-31,17.283333333333335,0.0,306.85,155.83333333333334,0.0,107.40833333333333,257.51666666666665,5.391666666666667,98.15833333333333,397.5083333333333,117.55833333333334,0.0,347.8416666666667,0.0,639.8916666666667,234.69166666666666,0.0,65.675,346.26666666666665,0.0,0.0,249.84166666666667,0.0,544.225,0.0,62.975,0.0,0.0,281.225,105.29166666666667,0.0,468.0416666666667,200.4,88.11666666666666
2018-02-28,34.56666666666667,0.0,302.40000000000003,141.66666666666669,0.0,110.01666666666667,250.73333333333332,10.783333333333333,96.51666666666667,403.81666666666666,116.21666666666667,0.0,351.3833333333334,0.0,631.0833333333333,240.38333333333333,0.0,66.64999999999999,351.3333333333333,0.0,0.0,253.78333333333333,0.0,557.35,0.0,57.25,0.0,0.0,275.45000000000005,105.18333333333334,0.0,464.08333333333337,205.9,88.13333333333333
2018-03-31,51.85000000000001,0.0,297.95000000000005,127.50000000000001,0.0,112.625,243.95,16.175,94.875,410.125,114.875,0.0,354.92500000000007,0.0,622.2749999999999,246.075,0.0,67.62499999999999,356.4,0.0,0.0,257.725,0.0,570.475,0.0,51.525,0.0,0.0,269.67500000000007,105.075,0.0,460.12500000000006,211.4,88.14999999999999
2018-04-30,69.13333333333334,0.0,293.50000000000006,113.33333333333334,0.0,115.23333333333333,237.16666666666666,21.566666666666666,93.23333333333333,416.43333333333334,113.53333333333333,0.0,358.46666666666675,0.0,613.4666666666665,251.76666666666665,0.0,68.59999999999998,361.46666666666664,0.0,0.0,261.6666666666667,0.0,583.6,0.0,45.8,0.0,0.0,263.9000000000001,104.96666666666667,0.0,456.16666666666674,216.9,88.16666666666666
2018-05-31,86.41666666666667,0.0,289.05000000000007,99.16666666666667,0.0,117.84166666666667,230.38333333333333,26.958333333333332,91.59166666666667,422.7416666666667,112.19166666666666,0.0,362.00833333333344,0.0,604.6583333333331,257.4583333333333,0.0,69.57499999999997,366.5333333333333,0.0,0.0,265.60833333333335,0.0,596.725,0.0,40.074999999999996,0.0,0.0,258.1250000000001,104.85833333333333,0.0,452.2083333333334,222.4,88.18333333333332
2018-06-30,103.7,0.0,284.6000000000001,85.0,0.0,120.45,223.6,32.35,89.95,429.05,110.85,0.0,365.5500000000001,0.0,595.8499999999997,263.15,0.0,70.54999999999997,371.59999999999997,0.0,0.0,269.55,0.0,609.85,0.0,34.349999999999994,0.0,0.0,252.3500000000001,104.75,0.0,448.2500000000001,227.9,88.19999999999999
2018-07-31,120.98333333333333,0.0,280.1500000000001,70.83333333333333,0.0,123.05833333333334,216.81666666666666,37.74166666666667,88.30833333333334,435.35833333333335,109.50833333333333,0.0,369.0916666666668,0.0,587.0416666666663,268.84166666666664,0.0,71.52499999999996,376.66666666666663,0.0,0.0,273.4916666666667,0.0,622.975,0.0,28.624999999999993,0.0,0.0,246.5750000000001,104.64166666666667,0.0,444.2916666666668,233.4,88.21666666666665
2018-08-31,138.26666666666668,0.0,275.7000000000001,56.666666666666664,0.0,125.66666666666667,210.03333333333333,43.13333333333333,86.66666666666667,441.6666666666667,108.16666666666666,0.0,372.6333333333335,0.0,578.2333333333329,274.5333333333333,0.0,72.49999999999996,381.7333333333333,0.0,0.0,277.43333333333334,0.0,636.1,0.0,22.89999999999999,0.0,0.0,240.8000000000001,104.53333333333333,0.0,440.3333333333335,238.9,88.23333333333332
2018-09-30,155.55,0.0,271.2500000000001,42.5,0.0,128.275,203.25,48.525,85.025,447.975,106.82499999999999,0.0,376.1750000000002,0.0,569.4249999999995,280.22499999999997,0.0,73.47499999999995,386.79999999999995,0.0,0.0,281.375,0.0,649.225,0.0,17.17499999999999,0.0,0.0,235.0250000000001,104.425,0.0,436.37500000000017,244.4,88.24999999999999
2018-10-31,172.83333333333334,0.0,266.8000000000001,28.333333333333336,0.0,130.88333333333333,196.46666666666667,53.916666666666664,83.38333333333334,454.28333333333336,105.48333333333332,0.0,379.71666666666687,0.0,560.6166666666661,285.91666666666663,0.0,74.44999999999995,391.8666666666666,0.0,0.0,285.31666666666666,0.0,662.35,0.0,11.449999999999989,0.0,0.0,229.25000000000009,104.31666666666666,0.0,432.41666666666686,249.9,88.26666666666665
2018-11-30,190.11666666666667,0.0,262.35000000000014,14.16666666666667,0.0,133.49166666666665,189.68333333333334,59.30833333333333,81.74166666666667,460.5916666666667,104.14166666666665,0.0,383.25833333333355,0.0,551.8083333333327,291.6083333333333,0.0,75.42499999999994,396.9333333333333,0.0,0.0,289.2583333333333,0.0,675.475,0.0,5.724999999999988,0.0,0.0,223.47500000000008,104.20833333333333,0.0,428.45833333333354,255.4,88.28333333333332
2018-12-31,207.4,0.0,257.90000000000015,3.552713678800501e-15,0.0,136.09999999999997,182.9,64.7,80.10000000000001,466.90000000000003,102.79999999999998,0.0,386.80000000000024,0.0,542.9999999999993,297.29999999999995,0.0,76.39999999999993,401.99999999999994,0.0,0.0,293.2,0.0,688.6,0.0,-1.2434497875801753e-14,0.0,0.0,217.70000000000007,104.1,0.0,424.5000000000002,260.9,88.29999999999998
2019-01-31,221.675,0.0,264.96666666666664,0.0,0.0,140.54999999999998,183.6,67.47500000000001,80.08333333333333,463.46666666666664,97.39166666666667,0.0,377.9666666666667,0.0,576.95,294.625,10.033333333333333,78.30833333333334,409.9166666666667,0.0,0.0,305.54166666666663,0.0,686.6750000000001,0.0,0.0,0.0,0.0,232.875,95.425,0.0,422.2916666666667,257.09999999999997,85.35833333333333
2019-02-28,235.95000000000002,0.0,272.0333333333333,0.0,0.0,144.99999999999997,184.29999999999998,70.25000000000001,80.06666666666666,460.0333333333333,91.98333333333333,0.0,369.1333333333334,0.0,610.9000000000001,291.95,20.066666666666666,80.21666666666667,417.83333333333337,0.0,0.0,317.8833333333333,0.0,684.7500000000001,0.0,0.0,0.0,0.0,248.05,86.75,0.0,420.08333333333337,253.29999999999995,82.41666666666667
2019-03-31,250.22500000000002,0.0,279.09999999999997,0.0,0.0,149.44999999999996,184.99999999999997,73.02500000000002,80.05,456.59999999999997,86.575,0.0,360.30000000000007,0.0,644.8500000000001,289.275,30.1,82.125,425.75000000000006,0.0,0.0,330.225,0.0,682.8250000000002,0.0,0.0,0.0,0.0,263.225,78.075,0.0,417.87500000000006,249.49999999999994,79.47500000000001
2019-04-30,264.5,0.0,286.16666666666663,0.0,0.0,153.89999999999995,185.69999999999996,75.80000000000003,80.03333333333333,453.16666666666663,81.16666666666667,0.0,351.46666666666675,0.0,678.8000000000002,286.59999999999997,40.13333333333333,84.03333333333333,433.66666666666674,0.0,0.0,342.5666666666667,0.0,680.9000000000002,0.0,0.0,0.0,0.0,278.40000000000003,69.4,0.0,415.66666666666674,245.69999999999993,76.53333333333335
2019-05-31,278.775,0.0,293.2333333333333,0.0,0.0,158.34999999999994,186.39999999999995,78.57500000000003,80.01666666666667,449.7333333333333,75.75833333333334,0.0,342.63333333333344,0.0,712.7500000000002,283.92499999999995,50.166666666666664,85.94166666666666,441.5833333333334,0.0,0.0,354.9083333333334,0.0,678.9750000000003,0.0,0.0,0.0,0.0,293.57500000000005,60.72500000000001,0.0,413.4583333333334,241.89999999999992,73.59166666666668
2019-06-30,293.04999999999995,0.0,300.29999999999995,0.0,0.0,162.79999999999993,187.09999999999994,81.35000000000004,80.0,446.29999999999995,70.35000000000001,0.0,333.8000000000001,0.0,746.7000000000003,281.24999999999994,60.199999999999996,87.85,449.5000000000001,0.0,0.0,367.2500000000001,0.0,677.0500000000003,0.0,0.0,0.0,0.0,308.75000000000006,52.05000000000001,0.0,411.2500000000001,238.0999999999999,70.65000000000002
2019-07-31,307.32499999999993,0.0,307.3666666666666,0.0,0.0,167.24999999999991,187.79999999999993,84.12500000000004,79.98333333333333,442.8666666666666,64.94166666666668,0.0,324.9666666666668,0.0,780.6500000000003,278.57499999999993,70.23333333333333,89.75833333333333,457.4166666666668,0.0,0.0,379.5916666666668,0.0,675.1250000000003,0.0,0.0,0.0,0.0,323.92500000000007,43.375000000000014,0.0,409.0416666666668,234.2999999999999,67.70833333333336
2019-08-31,321.5999999999999,0.0,314.4333333333333,0.0,0.0,171.6999999999999,188.49999999999991,86.90000000000005,79.96666666666667,439.4333333333333,59.533333333333346,0.0,316.1333333333335,0.0,814.6000000000004,275.8999999999999,80.26666666666667,91.66666666666666,465.3333333333335,0.0,0.0,391.9333333333335,0.0,673.2000000000004,0.0,0.0,0.0,0.0,339.1000000000001,34.70000000000002,0.0,406.8333333333335,230.4999999999999,64.7666666666667
2019-09-30,335.8749999999999,0.0,321.49999999999994,0.0,0.0,176.1499999999999,189.1999999999999,89.67500000000005,79.95,435.99999999999994,54.125000000000014,0.0,307.3000000000002,0.0,848.5500000000004,273.2249999999999,90.3,93.57499999999999,473.25000000000017,0.0,0.0,404.2750000000002,0.0,671.2750000000004,0.0,0.0,0.0,0.0,354.2750000000001,26.02500000000002,0.0,404.62500000000017,226.69999999999987,61.82500000000003
2019-10-31,350.14999999999986,0.0,328.5666666666666,0.0,0.0,180.59999999999988,189.8999999999999,92.45000000000006,79.93333333333334,432.5666666666666,48.71666666666668,0.0,298.46666666666687,0.0,882.5000000000005,270.5499999999999,100.33333333333333,95.48333333333332,481.16666666666686,0.0,0.0,416.6166666666669,0.0,669.3500000000005,0.0,0.0,0.0,0.0,369.4500000000001,17.350000000000023,0.0,402.41666666666686,222.89999999999986,58.88333333333337
2019-11-30,364.42499999999984,0.0,335.63333333333327,0.0,0.0,185.04999999999987,190.59999999999988,95.22500000000007,79.91666666666667,429.13333333333327,43.30833333333335,0.0,289.63333333333355,0.0,916.4500000000005,267.8749999999999,110.36666666666666,97.39166666666665,489.08333333333354,0.0,0.0,428.9583333333336,0.0,667.4250000000005,0.0,0.0,0.0,0.0,384.6250000000001,8.675000000000024,0.0,400.20833333333354,219.09999999999985,55.941666666666706
2019-12-31,378.6999999999998,0.0,342.69999999999993,0.0,0.0,189.49999999999986,191.29999999999987,98.00000000000007,79.9,425.69999999999993,37.90000000000002,0.0,280.80000000000024,0.0,950.4000000000005,265.1999999999999,120.39999999999999,99.29999999999998,497.0000000000002,0.0,0.0,441.3000000000003,0.0,665.5000000000006,0.0,0.0,0.0,0.0,399.8000000000001,2.4868995751603507e-14,0.0,398.0000000000002,215.29999999999984,53.00000000000004
2020-01-31,374.2083333333333,4.266666666666667,365.4583333333333,0.0,0.0,184.59166666666667,188.4,98.43333333333334,73.24166666666667,429.75,43.225,0.0,267.65000000000003,0.0,926.9166666666666,243.1,117.54166666666667,98.55,496.3333333333333,0.0,0.0,427.95833333333337,0.0,661.025,0.0,0.0,0.0,13.299999999999999,386.4666666666667,4.541666666666667,0.0,394.7,213.33333333333334,48.583333333333336
2020-02-29,369.71666666666664,8.533333333333333,388.21666666666664,0.0,0.0,179.68333333333334,185.5,98.86666666666667,66.58333333333334,433.8,48.550000000000004,0.0,254.50000000000003,0.0,903.4333333333333,221.0,114.68333333333334,97.8,495.66666666666663,0.0,0.0,414.6166666666667,0.0,656.55,0.0,0.0,0.0,26.599999999999998,373.1333333333334,9.083333333333334,0.0,391.4,211.36666666666667,44.16666666666667
2020-03-31,365.22499999999997,12.8,410.97499999999997,0.0,0.0,174.775,182.6,99.30000000000001,59.92500000000001,437.85,53.87500000000001,0.0,241.35000000000002,0.0,879.9499999999999,198.9,111.825,97.05,494.99999999999994,0.0,0.0,401.275,0.0,652.0749999999999,0.0,0.0,0.0,39.9,359.80000000000007,13.625,0.0,388.09999999999997,209.4,39.75000000000001
2020-04-30,360.7333333333333,17.066666666666666,433.7333333333333,0.0,0.0,169.86666666666667,179.7,99.73333333333335,53.26666666666668,441.90000000000003,59.20000000000001,0.0,228.20000000000002,0.0,856.4666666666666,176.8,108.96666666666667,96.3,494.33333333333326,0.0,0.0,387.9333333333333,0.0,647.5999999999999,0.0,0.0,0.0,53.199999999999996,346.46666666666675,18.166666666666668,0.0,384.79999999999995,207.43333333333334,35.33333333333334
2020-05-31,356.2416666666666,21.333333333333332,456.4916666666666,0.0,0.0,164.95833333333334,176.79999999999998,100.16666666666669,46.60833333333335,445.95000000000005,64.525,0.0,215.05,0.0,832.9833333333332,154.70000000000002,106.10833333333333,95.55,493.6666666666666,0.0,0.0,374.5916666666666,0.0,643.1249999999999,0.0,0.0,0.0,66.5,333.13333333333344,22.708333333333336,0.0,381.49999999999994,205.46666666666667,30.916666666666675
2020-06-30,351.74999999999994,25.599999999999998,479.24999999999994,0.0,0.0,160.05,173.89999999999998,100.60000000000002,39.95000000000002,450.00000000000006,69.85000000000001,0.0,201.9,0.0,809.4999999999999,132.60000000000002,103.25,94.8,492.9999999999999,0.0,0.0,361.2499999999999,0.0,638.6499999999999,0.0,0.0,0.0,79.8,319.8000000000001,27.250000000000004,0.0,378.19999999999993,203.5,26.500000000000007
2020-07-31,347.25833333333327,29.866666666666664,502.00833333333327,0.0,0.0,155.14166666666668,170.99999999999997,101.03333333333336,33.291666666666686,454.05000000000007,75.17500000000001,0.0,188.75,0.0,786.0166666666665,110.50000000000003,100.39166666666667,94.05,492.3333333333332,0.0,0.0,347.9083333333332,0.0,634.1749999999998,0.0,0.0,0.0,93.1,306.4666666666668,31.79166666666667,0.0,374.8999999999999,201.53333333333333,22.08333333333334
2020-08-31,342.7666666666666,34.13333333333333,524.7666666666667,0.0,0.0,150.23333333333335,168.09999999999997,101.4666666666667,26.63333333333335,458.1000000000001,80.50000000000001,0.0,175.6,0.0,762.5333333333332,88.40000000000003,97.53333333333333,93.3,491.6666666666665,0.0,0.0,334.5666666666665,0.0,629.6999999999998,0.0,0.0,0.0,106.39999999999999,293.1333333333335,36.333333333333336,0.0,371.5999999999999,199.56666666666666,17.66666666666667
2020-09-30,338.2749999999999,38.4,547.525,0.0,0.0,145.32500000000002,165.19999999999996,101.90000000000003,19.975000000000016,462.1500000000001,85.82500000000002,0.0,162.45,0.0,739.0499999999998,66.30000000000004,94.675,92.55,490.99999999999983,0.0,0.0,321.2249999999998,0.0,625.2249999999998,0.0,0.0,0.0,119.69999999999999,279.8000000000002,40.875,0.0,368.2999999999999,197.6,13.250000000000004
2020-10-31,333.78333333333325,42.666666666666664,570.2833333333333,0.0,0.0,140.41666666666669,162.29999999999995,102.33333333333337,13.31666666666668,466.2000000000001,91.15000000000002,0.0,149.29999999999998,0.0,715.5666666666665,44.200000000000045,91.81666666666666,91.8,490.33333333333314,0.0,0.0,307.8833333333331,0.0,620.7499999999998,0.0,0.0,0.0,133.0,266.46666666666687,45.416666666666664,0.0,364.9999999999999,195.63333333333333,8.833333333333336
2020-11-30,329.2916666666666,46.93333333333333,593.0416666666666,0.0,0.0,135.50833333333335,159.39999999999995,102.76666666666671,6.6583333333333465,470.2500000000001,96.47500000000002,0.0,136.14999999999998,0.0,692.0833333333331,22.100000000000048,88.95833333333333,91.05,489.66666666666646,0.0,0.0,294.5416666666664,0.0,616.2749999999997,0.0,0.0,0.0,146.3,253.13333333333352,49.95833333333333,0.0,361.6999999999999,193.66666666666666,4.416666666666669
2020-12-31,324.7999999999999,51.199999999999996,615.8,0.0,0.0,130.60000000000002,156.49999999999994,103.20000000000005,1.2434497875801753e-14,474.3000000000001,101.80000000000003,0.0,122.99999999999997,0.0,668.5999999999998,4.973799150320701e-14,86.1,90.3,488.9999999999998,0.0,0.0,281.1999999999997,0.0,611.7999999999997,0.0,0.0,0.0,159.60000000000002,239.80000000000018,54.49999999999999,0.0,358.39999999999986,191.7,1.7763568394002505e-15
