date,ALPA4,AMAR3,ARZZ3,CEAB3,CGRA4,ENJU3,GRND3,GUAR3,LREN3,SOMA3,TFCO4,VULC3
2021-01-04,-0.008333513894807298,-0.03230590932001254,-0.002640110145318064,-0.007757951900698279,0.026571684438533083,-0.0039215686274510775,-0.009545446771899946,-0.0476189142170389,-0.030546543088584732,-0.017923823749066536,-0.0069821251652869565,-0.010012652351607976
2021-01-05,-0.007857313100818386,-0.03524339387012798,-0.017893865524295616,-0.04654771140418934,0.05657165775924211,-1.1102230246251565e-16,-0.015512666528975205,-0.023473984407172743,-0.03996319088797751,-0.017923823749066536,-0.04577205695487385,-0.022528467791117945
2021-01-06,-0.06190489947540878,-0.09544898568497984,-0.07920211719293258,-0.061287820015515915,0.036571675545435944,-0.011764705882353121,-0.034606191122050434,-0.06706932728968862,-0.08635747558950402,-0.047796863330843986,-0.06904554685233544,-0.035044283230627804
2021-01-07,-0.07857144576775943,-0.10279109187745405,-0.07714876414471894,-0.11636927851047318,0.05714289102132186,-0.08156862745098037,-0.05966561994756325,-0.07310503447174588,-0.06407915239668993,-0.04406273338312183,-0.023273489897461586,-0.03254112014272581
2021-01-08,-0.03095257011202035,-0.08076477330003129,-0.05984165571752764,-0.05042668735453837,0.11142872642254731,-0.021960784313725612,-0.004772723385949917,-0.027498256102241214,-0.01010560209483058,-0.0522778192681107,-0.022497785096928125,-0.01126488406778936
2021-01-11,-0.052143023947266554,-0.10425983415251183,-0.07450865399940076,-0.07292474786656322,0.11428578204264372,-0.05882352941176483,-0.017899028221949997,-0.0657274364843019,-0.04800193009649423,-0.04032860343539968,-0.03568633062696824,-0.021276236074936006
2021-01-12,-0.05571428915355192,-0.08663813721744784,-0.06409512528614392,-0.07913110938712176,0.15428574647025584,0.050980392156862564,-0.03460619112205032,-0.011401869682512444,-0.03766659119757132,-0.006721433905899965,-0.049650580957542045,-0.02377939916283811
2021-01-13,-0.04904771878633796,-0.12041118362970371,-0.06424174036250696,-0.07680372381691214,0.171714437913288,0.09176470588235275,-0.022673067132537694,-0.03286371824215095,-0.04915035800011647,-0.0037341299477222645,-0.06516702284966747,-0.01501897852741163
2021-01-14,-0.02142855423224055,-0.08957401658474906,-0.02889415133465678,-0.053529868114817525,0.17828584370144918,0.20313725490196055,-0.009545446771899613,-0.022803739365025,-0.0036747643981197564,0.03360716952949949,-0.030255615062748542,0.023779399162838555
2021-01-15,-0.021666654629235005,-0.10572697124475527,-0.011293664358913325,-0.03956555469356071,0.17000014525391705,0.2196078431372548,-0.019092209068437227,-0.02883944654708226,-0.01056507570301457,0.08663181478715454,-0.01629136473217485,0.0012509313717206094
2021-01-18,0.005237967985246783,-0.09691772796003773,0.007773566963765299,-0.04422032583397972,0.19314294793714204,0.2196078431372548,-0.04057209535448758,-0.015426141377581026,-0.00941664779939233,0.12696041822255388,-0.03801422698905366,0.016269909899132573
2021-01-19,0.0,-0.09838486505228117,0.03036074728576632,-0.03956555469356071,0.19714306295452944,0.18274509803921557,-0.02744579051848739,-0.024815174852013677,0.008268219895771312,0.16728902165795345,-0.064391318049134,0.011263583723328585
2021-01-20,-0.002381003969945006,-0.06314307636496763,0.026694034814254586,-0.03413498836307216,0.17885737340009444,0.26274509803921564,-0.04773249595805018,-0.04493653332735681,-0.009876121407576655,0.17326362957430885,-0.05740919288384716,0.016269909899132573
2021-01-21,-0.019047791010927573,-0.1057269712447555,0.026694034814254586,-0.036462373933281556,0.13428576425644922,0.26274509803921564,-0.06563152418000018,-0.04225345207712905,-0.027101515494555972,0.15758028379387556,-0.007757829965820973,-0.0012522317161812735
2021-01-22,-0.03666673889125627,-0.1101331980699286,0.019067082926852663,-0.06826997672614432,0.11142872642254686,0.2596078431372546,-0.07398510563005045,-0.0576795934547103,-0.05787779538723281,0.11949215832710935,0.008533534766353768,0.008760420635426591
2021-01-26,-0.027857264951091754,-0.10279109187745428,0.012173651608744507,-0.04344453064390996,0.09857167969554759,0.2580392156862743,-0.07517828647653801,-0.0395703708269014,-0.04869088439193203,0.17475728155339754,0.03878993178958656,0.040049309061970906
2021-01-27,-0.04404761044945349,-0.11306907743722971,0.04180102672104313,-0.028704422032583388,0.04000026086417763,0.2596078431372546,-0.08114550623361316,-0.024144929809865823,-0.04248978349931354,0.15011202389843126,0.08611339834552756,0.01752214161531418
2021-01-28,-0.03928584325819551,-0.04699012170496142,0.06468173398742305,0.015515903801396558,0.0777144029337733,0.28627450980392144,-0.057279258254587795,0.03957107118744774,-0.007120048108986365,0.1508588498879755,0.08068268278130786,0.0463078669539565
2021-01-29,-0.07523828095846818,-0.08076477330003151,0.03505421047929813,-0.03025601241272291,0.0014288242466138357,0.2431372549019608,-0.07995232538712571,0.002683081250228092,-0.04754245648830979,0.11799850634802045,0.07835556837970703,0.022528467791118167
2021-02-01,-0.07666664259180334,-0.08076477330003151,0.05456143542689196,-0.018619084561675603,0.00628593737540406,0.31372549019607865,-0.07756464816951292,0.012743060127353933,-0.05672936748361057,0.1404032860343536,0.08611339834552756,0.09386666527963272
2021-02-02,-0.07071437341557285,-0.07782728874991607,0.06336160471685082,-0.032583397982932416,0.0008572945479681238,0.38352941176470634,-0.06324516248702527,0.010730924279819698,-0.05810753219132503,0.1448842419716201,0.09387122831134809,0.09762206008371632
2021-02-03,-0.03309523293633865,-0.07048518255744196,0.06336160471685082,-0.03956555469356082,0.07142876199493498,0.49019607843137303,-0.07875782901600048,0.016767331822422626,-0.03904449978844682,0.12994772218073147,0.09231981871028094,0.11013787552322629
2021-02-04,-0.023809558202185332,-0.08223191039227506,0.09284251314861258,-0.04111714507370057,0.042857316484274044,0.6392156862745102,-0.07875782901600048,0.016096386419729436,-0.050528266590991966,0.13218820014936483,0.07059773841388672,0.1076347124353243
2021-02-05,-0.0369048392882505,-0.09544898568498028,0.08536232473339989,-0.04577191621411936,0.014857400672258825,0.5325490196078435,-0.07159874393707555,4.440892098500626e-16,-0.05810753219132481,0.09932785660940979,0.0325835114248334,0.10888564380704469
2021-02-08,-0.061428698681419536,-0.09985360732733906,0.09357573692625398,-0.06749418153607445,0.05400007055190259,0.4243137254901965,-0.0954649919161008,-0.008718788432284463,-0.052825122398236224,0.12023898431665403,0.017843556293726026,0.09261573390791233
2021-02-09,-0.04785721680136523,-0.11013319806992883,0.10076269518874059,-0.08223429014740102,0.02857144551066093,0.5074509803921572,-0.09427181106961335,-0.01408425057219398,-0.06086360548991476,0.14787154592979812,0.02404997665847919,0.07884768675222098
2021-02-10,-0.06642856626967186,-0.13656413828971037,0.08536232473339989,-0.08456167571761042,-0.033428558639450934,0.3921568627450984,-0.11217083929156346,-0.038229180382060135,-0.08681669308084916,0.12023898431665403,0.004655010763685796,0.0463078669539565
2021-02-11,-0.06190489947540834,-0.14684372903230014,0.09313574330133867,-0.08844065166795967,0.003428585318742128,0.4031372549019614,-0.0680178858729753,-0.022803739365024556,-0.09531464978071202,0.12994772218073192,0.047323466555940774,0.05506828758938265
2021-02-12,-0.07952384735573703,-0.1439062444821847,0.11469632129714613,-0.08378588052754066,-0.014285574537047596,0.3725490196078436,-0.05966561994756292,-0.021461848559637953,-0.08360140229091306,0.1023151605675876,0.004655010763685574,0.03879837769025052
2021-02-17,-0.1161905862469933,-0.16446382078454969,0.11484308476933536,-0.08456167571761053,0.014285870973613335,0.2792156862745101,-0.058472439101075246,-0.0375589353399125,-0.06867260789433982,0.08289768483943227,0.008533534766353768,0.048811030041858494
2021-02-18,-0.14047634524316788,-0.1688700476097228,0.10736289635412266,-0.08068269976726139,-1.1102230246251565e-16,0.2909803921568632,-0.07279192478356289,-0.05700864805201655,-0.0813045464836687,0.09484690067214308,0.016291364732174296,0.03003665671036293
2021-02-19,-0.1285715661420752,-0.17474341152713924,0.12936346797484544,-0.11016291698991454,-1.1102230246251565e-16,0.2454901960784317,-0.0823386870801005,-0.06505719144215394,-0.08888381208400142,0.08289768483943205,0.027928500661147382,-0.008761720979887255
2021-02-22,-0.1409525460371569,-0.19970721465467745,0.13347017407127248,-0.10007757951900698,-0.032857028940805444,0.3200000000000003,-0.10859129675210077,-0.10798088856143095,-0.11943035517258616,0.06049290515309891,0.047323466555940774,-0.03879837769024985
2021-02-23,-0.16666666666666663,-0.19236510846220323,0.10486940128516764,-0.07680372381691225,-0.019999982213805945,0.3874509803921573,-0.10978447759858823,-0.11066396981165871,-0.1212677373716462,0.06945481702763212,0.03646203542750137,-0.033792051514445975
2021-02-24,-0.1411906464341517,-0.1894276239120879,0.09357573692625398,-0.09775019394879736,0.00028576484932285595,0.36470588235294144,-0.10739811590561321,-0.13078462792645618,-0.14285710626902226,0.05003734129947679,0.06206342168704815,-0.008761720979887366
2021-02-25,-0.16976197182759512,-0.2217335332321002,0.06482834906378598,-0.1062839410395654,-0.0197142173644832,0.24313725490196103,-0.13365072557761337,-0.13883317131659356,-0.14469448846808242,0.0343539955190435,0.02404997665847919,-0.025031630879019606
2021-02-26,-0.16833336944562827,-0.2555065796443561,0.04605449628965963,-0.14507370054305646,-0.021999743285934015,0.16156862745098066,-0.15155106932420126,-0.1750502158511198,-0.15801563746968772,0.0014936519790882397,0.003879305963152113,-0.0613268454813678
2021-03-01,-0.15833339352049147,-0.25403944255211275,0.044294521789998376,-0.15981380915438304,-0.06285700226151436,0.17647058823529438,-0.16229101246722644,-0.2012072815085203,-0.14630238997988898,-0.007468259895444973,0.010861431128438959,-0.10137745488779948
2021-03-02,-0.1557142891535519,-0.2511019580019974,0.053534684704872326,-0.18076027928626826,-0.03714261237094996,0.16470588235294148,-0.14677703041361345,-0.1911466022708489,-0.14170893448223865,0.012696041822255033,0.008533534766353768,-0.09762206008371588
2021-03-03,-0.15404758637459037,-0.24229110953446542,0.03989443714501917,-0.17455391776570972,-0.10542855389646599,0.10509803921568661,-0.14677703041361345,-0.20925512453811201,-0.13918234187090206,-0.008961911874533657,0.008533534766353768,-0.09637112871199538
2021-03-04,-0.140476345243168,-0.24522859408458086,0.0706951780557008,-0.18386346004654763,-0.08571404009541694,0.0901960784313729,-0.13484390642410093,-0.16431929157130065,-0.09669281448842626,-0.02912621359223333,0.008533534766353768,-0.07759675538049982
2021-03-05,-0.12380955820218531,-0.18795888163703034,0.15121727612337943,-0.14584949573312633,-0.08571404009541694,0.09725490196078468,-0.07040556309058776,-0.09389663798923653,-0.0914101485784995,-0.01792382374906687,-0.027152795860614365,-0.04255377249433323
2021-03-08,-0.20547630913087322,-0.2437598518095232,0.061308251668637403,-0.20713731574864225,-0.13371423455780396,-0.058823529411764386,-0.0978513536090756,-0.15761193862600442,-0.127239357577011,-0.07617625093353297,-0.049650580957542156,-0.09011257082000967
2021-03-09,-0.18119055013469865,-0.25697532191941397,0.03652095482623352,-0.21955003878975943,-0.1482855739441743,-0.12549019607843104,-0.11097765844507579,-0.19449992856322407,-0.15296270836385306,-0.07991038088125502,-0.09930194387556857,-0.10012522317161765
2021-03-10,-0.17380967857650131,-0.22613815487445932,0.061308251668637403,-0.20558572536850273,-0.1225711840536099,-0.14666666666666628,-0.07637146732302535,-0.14486887849865082,-0.11988982878077026,-0.033607169529499936,-0.13110975049986862,-0.07259042920469572
2021-03-11,-0.15833339352049114,-0.15565457749983225,0.08492218271265872,-0.14507370054305668,-0.11999989328283622,-0.04156862745098,-0.07159874393707533,-0.04560677836950433,-0.07165816188018326,0.004480955937266273,-0.06904554685233566,-0.07259042920469572
2021-03-12,-0.15476188756557374,-0.16593256305960757,0.07054856297933787,-0.15128006206361533,-0.1339999994071266,-0.10039215686274472,-0.07159874393707533,-0.03286371824215084,-0.04547559360199527,0.006721433905899632,-0.06826984205180198,-0.061326845481367354
2021-03-15,-0.15476188756557374,-0.16593256305960757,0.07905535372074413,-0.1326609775019395,-0.09485703309091709,-0.09803921568627427,-0.07040556309058776,-0.040912261632288005,-0.03950397339663059,0.042569081404032705,-0.06904554685233555,-0.06383000856926946
2021-03-16,-0.15928579510846896,-0.19530098782950445,0.07568201979778477,-0.1730023273855702,-0.10857137436588482,-0.07999999999999974,-0.06921238224410031,-0.056337702649323584,-0.06522732418347277,0.04480955937266584,-0.07214914801495442,-0.06257907719754918
2021-03-17,-0.14119064643415136,-0.17474341152713935,0.09210914097514533,-0.13653995345228853,-0.15142839441359335,-0.09803921568627427,-0.04057209535448714,0.009389733834978653,-0.04409742889428103,0.09410007468259862,-0.053529886920694714,-0.04630786695395561
2021-03-18,-0.14928581918333228,-0.20704932084715189,0.07025518443078549,-0.17377812257564007,-0.18114289932154537,-0.1364705882352939,-0.04295845704746215,-0.043594642521969984,-0.055810676384079994,0.02539208364451051,-0.06128771688651513,-0.06383000856926957
2021-03-19,-0.14809531719835978,-0.193833850737261,0.06820183138257185,-0.15593483320403412,-0.1591428595990455,-0.1466666666666664,-0.026252609671999494,-0.01944971271210394,-0.022828206044971044,0.06870799103808767,-0.06904554685233555,-0.0513141931297596
2021-03-22,-0.14166684722814038,-0.196769730104562,0.06086825804372231,-0.14972847168347558,-0.23171408811814032,-0.16078431372549007,-0.02386624797902448,-0.04225345207712905,-0.043996006626253914,0.08364451082897628,-0.06051201208598145,-0.06508224028545118
2021-03-23,-0.1373810400822396,-0.19530098782950434,0.07700200067253071,-0.10628394103956573,-0.19771429621660952,-0.16549019607843107,-0.034606191122049657,-0.03554679949237827,-0.0416950529495943,0.0634802091112765,-0.07680337681815597,-0.07634582400877954
2021-03-24,-0.1745239797674848,-0.23348026106693331,0.013200402330765026,-0.1210240496508923,-0.18999983103115736,-0.2125490196078429,-0.06324516248702483,-0.07511717031928011,-0.05872144425309589,0.041075429424943355,-0.12179972897249614,-0.10137745488779937
2021-03-25,-0.13690483928825048,-0.19970721465467745,0.024200688141126303,-0.1117145073700545,-0.18914283291975464,-0.19607843137254877,-0.07040556309058754,-0.03219277283945754,-0.013624647455171002,0.04555638536221007,-0.06982125165286912,-0.08635847636038751
2021-03-26,-0.12642866256912477,-0.2217335332321002,0.034027608153104794,-0.14662529092319643,-0.19999982213806033,-0.19607843137254877,-0.06921238224410009,-0.05499651220448265,-0.0341022131568236,0.04555638536221007,-0.09775053427450109,-0.08260308155630403
2021-03-29,-0.14666671481639304,-0.23935362498434998,0.013640395955680118,-0.1660201706749419,-0.19600000355723857,-0.16470588235294092,-0.07279192478356256,-0.07377597987443918,-0.04537647638551445,0.048543689320387884,-0.08456198874446086,-0.11764736478693194
2021-03-30,-0.11071427711612025,-0.19530098782950445,0.038427692798084,-0.10550814584949575,-0.1279998268810454,-0.1466666666666664,-0.05847243910107491,-0.06103291974708569,0.010534341682401527,0.07468259895444329,-0.08456198874446086,-0.095118896995814
2021-03-31,-0.12285715661420749,-0.20704932084715189,0.03182749163270193,-0.08611326609775016,-0.10885713921520768,-0.17647058823529393,-0.05727925825458735,-0.08048263245918985,-0.020067010409612007,0.09708737864077643,-0.06904554685233533,-0.08886163944828973
2021-04-01,-0.1416668472281406,-0.21292268476456844,0.02537405393950909,-0.09619860356865784,-0.15742856693967466,-0.16627450980392133,-0.05369840019048722,-0.09121355673900922,-0.012474170616841196,0.08812546676624322,-0.07680337681815586,-0.10137745488779959
2021-04-05,-0.12547626098114695,-0.20117595692973522,0.041801026721043355,-0.07214895267649324,-0.11857136547278802,-0.06745098039215658,-0.03579937196853722,-0.04896010466187983,-0.0023506403433187772,0.11277072442120972,-0.09309552351081485,-0.06257907719754952
2021-04-06,-0.11428578307103787,-0.18649174454478679,0.07054856297933743,-0.044996121024049596,-0.07142846555836935,-0.015686274509803644,0.007160400603563488,-0.010059978877125841,0.008463380926672537,0.10306198655713206,-0.06826984205180164,-0.038798377690250185
2021-04-07,-0.11047617671912591,-0.20411183629703644,0.05162809512884814,-0.06361520558572531,-0.02857144551066071,-0.011764705882352677,-0.011933123989511851,-0.009389733834978098,-0.007642526459429755,0.11202389843166527,-0.06904554685233522,-0.04505693558223578
2021-04-08,-0.0988094980150277,-0.20704932084715189,0.07260191602755106,-0.08456167571761053,-0.042857020047708305,0.008627450980392304,0.0011944963711261192,-0.0033533262923751694,-0.023748433845532047,0.11277072442120972,-0.004655010763685907,-0.030037957054823927
2021-04-09,-0.10047620079398911,-0.20704932084715189,0.09254913460006042,-0.08223429014740113,-0.08571404009541683,0.015686274509804088,-0.0035795425394616887,-0.004024271695068471,-0.04514648346458383,0.11650485436893177,-0.03801422698905321,-0.002503163087901994
2021-04-12,-0.09523823280874211,-0.19823847237961978,0.0909357751767621,-0.07059736229635383,-0.11542854500336874,0.02666666666666684,-0.002386361692974348,-0.007377597987443862,-0.05504002081717585,0.108289768483943,-0.04577205695487363,0.02002530470321573
2021-04-13,-0.0888095220898909,-0.2143914270396261,0.09108239025312503,-0.08223429014740125,-0.10571431874578852,0.05019607843137286,0.0011944963711261192,-0.0020121358475342355,-0.044916234426814916,0.0948469006721433,-0.05818489768438018,0.018773072987034123
2021-04-14,-0.10380960635191205,-0.21879604868198488,0.09577585344665662,-0.05042668735453848,-0.11142842998598124,0.04705882352941204,0.00835358145005105,0.042924397479822796,-0.04537647638551445,0.10007468259895447,-0.06749413725126785,0.03128888842654409
2021-04-15,-0.09357153002978058,-0.20264309402197866,0.18729823732469675,-0.019394879751745475,-0.09085691807352958,0.021176470588235574,0.036993868339664004,0.06706932728968895,-0.035712931953853166,0.10604929051530987,-0.09231981871028117,0.04380470386605384
2021-04-16,-0.09166672685382471,-0.08516939494239062,0.16720440367582423,0.061287820015516026,-0.09714285544893364,0.05882352941176516,0.044152953418588936,0.15358836729148173,0.07909963662143049,0.10828976848394323,-0.06439131804913356,0.05256512450148021
2021-04-19,-0.09380963042677504,-0.1116019403449865,0.15224402684539884,0.035686578743211905,-0.08599980494473958,0.07294117647058873,0.06682602055112685,0.14956409559641304,0.040675451815715746,0.09111277072442125,-0.06439131804913356,0.03629521460234786
2021-04-20,-0.100476200793989,-0.11306907743722983,0.15620411786546295,-0.06904577191621408,-0.06857140993827282,0.058039215686275014,0.07160005946171433,0.1006039909345331,-0.001430156425919149,0.07094846900672147,-0.05352988692069438,0.011263583723328141
2021-04-22,-0.11309528108606526,-0.15565457749983203,0.1575242471360352,-0.0705973622963536,-0.04257125519838534,0.0196078431372555,0.06563283970463929,0.13615009006636614,-0.0612523908506859,0.047796863330843875,-0.07680337681815597,0.01626990989913213
2021-04-23,-0.08309535331065476,-0.15124835067465892,0.16603103787744145,-0.06671838634600447,-0.04714260347785271,0.047843137254902635,0.014833855815869379,0.14151555220627587,-0.060792148891986364,0.053024645257655045,-0.06904554685233544,0.01626990989913213
2021-04-26,-0.07785714457677595,-0.11306907743722983,0.12804333870427342,-0.028704422032583166,-0.002857055620095972,0.0737254901960791,0.01736492521900268,0.17974543294888212,-0.04515595978760656,-0.053771471247199276,-0.015515659931641168,0.018773072987034123
2021-04-27,-0.07500018056147384,-0.17033878988478057,0.1215899010110808,-0.053529868114817414,-0.04485707755640167,0.13019607843137315,-0.006677603061488235,0.1562707481811636,-0.06956824847840892,-0.11127707244212082,-0.019394965894793614,-0.020025304703216062
2021-04-28,-0.0828572529136602,-0.18208551771961368,0.1267233578295277,-0.05197827773467756,-0.028856913923417604,0.046274509803922115,-0.011739741867754838,0.1602950198762323,-0.07878025892387808,-0.10380881254667651,-0.01629136473217474,-0.031288888426544315
2021-04-29,-0.08952382328087416,-0.1982384723796199,0.1171898163661016,-0.03335919317300173,-0.04171425708698284,0.08470588235294163,-0.010474207166188076,0.15291742188878854,-0.07947126215402367,-0.09260642270351005,-0.027152795860614143,-0.005006326175804099
2021-04-30,-0.054047586374590506,-0.21292268476456855,0.10994068025240433,-0.04499612102404915,-0.01771415985578917,0.13019607843137315,0.0338142452900938,0.1254191657865471,-0.06956824847840903,-0.09484690067214341,-0.011637135928973086,-0.04881103004185816
2021-05-03,-0.05428568677158496,-0.21145394248951077,0.10950038983583643,-0.041117145073700234,-0.08171422151459484,0.14901960784313784,0.08949119453583765,0.15962477483408466,-0.05574997669336679,-0.10380881254667651,-3.0496458892081968e-05,-0.038798377690250296
2021-05-04,0.07595234140082008,-0.21586016931468388,0.11507576942494047,-0.0535298681148173,-0.09571403120231958,0.1364705882352948,0.09328648311589993,0.15291742188878854,-0.053677223119768414,-0.10828976848394312,-0.015593855980082005,-0.03754744631853002
2021-05-05,0.12547602023251492,-0.16299668369230624,0.16569447614344268,-0.03956555469356049,-0.08857139215207877,0.1207843137254907,0.12618643878271962,0.15425931269417492,-0.04676795916882792,-0.10455563853622096,-0.019484891350500688,-0.022528467791118167
2021-05-06,0.10999997592513688,-0.16593256305960746,0.17376409278063298,-0.04809930178432864,-0.07714287323512758,0.08313725490196133,0.1704748912390015,0.16431929157130076,-0.036864945493213175,-0.10380881254667651,-0.019484891350500688,0.0037540944596221593
2021-05-07,0.11761894788032867,-0.11013319806992883,0.18975656258282436,-0.03258339798293208,-0.06571405788161067,0.05568627450980457,0.14516814378158194,0.20053633610582722,0.0032081195184605615,-0.056011949215832524,-0.003921531829310654,0.04881103004185783
2021-05-10,0.0933331888841542,-0.12481741045487726,0.1984130847129455,-0.008533747090767818,-0.06114270960214341,0.0619607843137262,0.15655664057104413,0.24815595068341167,0.010808130582707909,-0.047796863330843764,0.042770110655228066,0.0225284677911175
2021-05-11,0.09190458650218725,-0.09251150113486495,0.2031081802605661,-0.032583397982932194,-0.05714289102132164,0.03058823529411847,0.1847838527243868,0.23272980930583054,0.025087156560126722,-0.05526512322628807,0.042770110655228066,0.04755879832567622
2021-05-12,0.03214283134836071,-0.13362825892240937,0.17963285091828918,-0.053529868114817414,-0.07428552117846565,-0.0799999999999993,0.14132944288847238,0.21395034163587412,-0.005313143813701515,-0.07393577296489895,0.032653887868430376,0.018773072987034123
2021-05-13,0.06785716865163893,-0.13803288056476815,0.19107698864504896,-0.05508145849495705,-0.09142844777217529,-0.10745098039215617,0.1643340222297367,0.2501680865309459,0.01610513903558819,-0.0702016430171769,0.06455943955328136,0.022528467791117723
2021-05-14,0.08809522089890698,-0.08516939494239073,0.23010464576877587,-0.003103180760279045,-0.08285698447532042,-0.07137254901960732,0.2205700694465469,0.3179076588627825,0.007583875703426113,-0.014189693801344161,0.05833347017641777,0.06007461376518619
2021-05-17,0.1102380763221309,-0.02790128767765432,0.2538735020554317,0.04577191621411969,-0.07142846555836913,-0.14745098039215643,0.20651105764234412,0.32796763773990856,0.038675179307400054,-0.023151605675877374,0.031097004543972018,0.09887299145543627
2021-05-18,0.09499989166311518,-0.05580097017249375,0.2471243114804662,0.03801396431342141,-0.05571406677470769,-0.13019607843137193,0.200121554476534,0.28236085937040367,0.029462912745092495,-0.014936519790888614,0.003860538911526268,0.08886033910382829
2021-05-19,0.07976170700409946,-0.038179273237429645,0.2441899324116381,0.01706749418153608,-0.05571406677470769,-0.1749019607843132,0.18606254267233147,0.2608990108107654,0.021862901680845148,-0.04331590739357716,0.042770110655227844,0.07509359229259815
2021-05-20,0.08333321295901697,-0.022026318577423543,0.242869357953587,0.06594259115593482,-0.05371430570257951,-0.18117647058823472,0.20906712201359556,0.29376272905291634,0.014032385461990371,-0.01941747572815522,0.019424680393200555,0.06383000856926957
2021-05-21,0.08047600819508305,-0.032305909320013315,0.24477668950874243,0.06594259115593482,-0.05714289102132142,-0.19764705882352884,0.19245204583814157,0.25419165786546927,0.01702639130350314,0.0014936519790889058,-0.003921531829310987,0.058823682393465804
2021-05-24,0.05333328518360636,-0.06754769800732685,0.25827507065867383,0.06826997672614432,-0.05571406677470758,-0.15372549019607784,0.19373073578608602,0.24614381483587744,0.013802136424221123,-0.0022404779686333587,-0.02648891140935139,0.11639513307075022
2021-05-25,0.05904745396284228,-0.06608056091508341,0.2591553547001568,0.061287820015516026,-0.05714289102132142,-0.15137254901960717,0.17967172398188325,0.25553354867085587,0.03752367800171652,-0.006721433905899965,-0.037383184878135856,0.11514420169902984
2021-05-26,0.06238085952076511,-0.032305909320013315,0.2632635447548468,0.07292474786656356,-0.04285702004770808,-0.18039215686274457,0.18606254267233124,0.25419165786546927,0.05940245892654428,0.014936519790888614,-0.02104099271447457,0.12390462233445598
2021-05-27,0.0947617912661205,0.03817766805461398,0.28395111010465857,0.0744763382467033,-0.05857141883136974,-0.17254901960784252,0.22696088813699422,0.31455433257040744,0.08243299727389419,0.08812546676624344,-0.001586597822865965,0.1439299270376717
2021-05-28,0.11976185145327856,0.08223191039227373,0.30625262846107404,0.07757951900698257,-0.0794283991565784,-0.18274509803921524,0.2691379235496021,0.3279676377399088,0.09233626706634723,0.12023898431665403,0.011642609652363634,0.1439299270376717
2021-05-31,0.1259522210265036,0.1336266537395936,0.30038387032341785,0.08999224204809964,-0.06057117990349781,-0.1835294117647055,0.2972559471580072,0.32729739269776115,0.0778269920511594,0.1344286781179982,0.05210828276003876,0.1464330901255737
2021-06-01,0.1454762128314202,0.1365625331068947,0.2955420113036078,0.09154383242823916,-0.05714289102132153,-0.17098039215686234,0.30620151469506895,0.3514423225076271,0.1024695297797309,0.15758028379387579,0.03887907528480938,0.1476840214972941
2021-06-02,0.13499979536366236,0.2452269889017651,0.2816036365287615,0.10861132660977524,-0.038285671768240825,-0.1662745098039211,0.3010893859525656,0.4037557534618823,0.10154827751181639,0.15982076176250914,0.03810102460282261,0.118898296158652
2021-06-04,0.12523791983552024,0.20851645793939388,0.25886197615160467,0.13033359193173033,-0.001428527810047986,-0.16235294117647014,0.3036454503238175,0.47551959748878736,0.10776653823261095,0.1590739357729647,0.05833347017641777,0.1264077854223582
2021-06-07,0.11119047791010894,0.22613654969164365,0.25460702262472545,0.12024825446082255,-0.01514286908501572,-0.17411764705882304,0.25635628616870676,0.4701541353488774,0.11467580218355122,0.15384615384615374,0.05833347017641777,0.14142676394976994
2021-06-08,0.1476188756557386,0.33333226321145615,0.2852716845627097,0.16058960434445346,-0.02142851002385404,-0.1592156862745091,0.2819182454058604,0.5358822721937253,0.12342731455348233,0.16878267363704258,0.05755541949443099,0.13516820605778435
2021-06-09,0.13571409655464595,0.31424342918414894,0.2964224437409173,0.14584949573312667,-0.03428555675085332,-0.15294117647058758,0.26913792354960253,0.5318580004986568,0.10316053300987615,0.19044062733383105,0.04666114602564653,0.14392992703767193
2021-06-10,0.14809507644972775,0.2657845652041302,0.29275439570696915,0.1590380139643135,-0.03771414206959545,-0.13333333333333264,0.2640257948070994,0.5023476085488809,0.09671202325131234,0.20985810306198638,0.05055218139606521,0.11889829615865222
2021-06-11,0.12928562658442644,0.27165792912154685,0.294074821769194,0.1256788207913111,-0.0345713216001764,-0.15686274509803855,0.2422972743645042,0.45405774892914885,0.0695359777567659,0.2345033607169531,0.14782493781459238,0.11639513307075022
2021-06-14,0.16190465872677628,0.3729802787239427,0.3526163816526975,0.14274631497284718,-0.027142621264047095,-0.13019607843137182,0.2550789117454002,0.4956409559641306,0.10385153624002164,0.2696041822255415,0.1594980439258482,0.1526903476730983
2021-06-15,0.16404756229972683,0.32158553537662304,0.3402918114886282,0.1396431342125679,-0.009999991106903083,-0.14823529411764635,0.2435759643124491,0.46747175445919575,0.09509976775325213,0.23973114264376405,0.13226157829340246,0.19148872536334838
2021-06-16,0.1683331286969958,0.3436118539540458,0.3407319535093698,0.13266097750193961,-0.016857161744386784,-0.15215686274509732,0.23462908125074966,0.45338680352645566,0.07368148490396265,0.2389843166542196,0.1571631099194033,0.18898556227544638
2021-06-17,0.17404753822486385,0.3024950961665014,0.3590720452832845,0.13886733902249815,-0.019999982213805945,-0.1443137254901954,0.2486880930549522,0.42521830238206637,0.06631172287748432,0.22031366691560872,0.16728011466668535,0.185231467815824
2021-06-18,0.1719046346519133,0.34067436940393026,0.3831341317226662,0.16291698991466252,-0.019999982213805945,-0.15294117647058758,0.23335170682744288,0.4393025529542609,0.0709177281002189,0.23525018670649733,0.14471273508664528,0.19899821462705414
2021-06-21,0.18142840978306096,0.439059234456211,0.4074897451064263,0.18774243599689688,-0.014285574537047485,-0.13725490196078372,0.24996678300289688,0.4567408301793765,0.06585122480194627,0.25317401045556376,0.128370542922984,0.2140171931544661
2021-06-22,0.19047598412021993,0.4698964015011655,0.3938447488801322,0.14584949573312644,-0.01457133938637023,-0.1411764705882348,0.262747104859155,0.4305837645219761,0.05456620466604045,0.23599701269604156,0.1151413354477544,0.20275360943113774
2021-06-23,0.1742856386218583,0.358296066338994,0.37491790000911274,0.13188518231186963,-0.021428510023854264,-0.16235294117647014,0.238463835569946,0.4359492266618856,0.034759921197972554,0.21657953696788623,0.1750614034470379,0.20025044634323597
2021-06-24,0.18857142169289598,0.3509539601465197,0.3835744221392339,0.14197051978277742,-0.016285632045741405,-0.16784313725490163,0.2716939879208542,0.4171697589919292,0.051802447862296486,0.25018670649738595,0.17973048949944337,0.23404249785768183
2021-06-25,0.1783333453707645,0.3832582642837179,0.36141951885918155,0.1373157486423584,0.006000172526080982,-0.1717647058823525,0.26913792354960253,0.38900055748699436,0.038675179307400054,0.20313666915608652,0.17973048949944337,0.23153933476977984
2021-06-28,0.21547604430737777,0.38619574883383323,0.3931112283108382,0.12878200155159036,-0.005714111240192943,-0.17725490196078397,0.3062015146950694,0.41113335144932583,0.045560368275525676,0.2128454070201642,0.18906866160425428,0.24405515020928958
2021-06-29,0.2047617671912576,0.358296066338994,0.3950185598659939,0.1132660977501938,-0.014285574537047707,-0.1850980392156859,0.2844743097771121,0.3876593670421531,0.020171506079702972,0.194921583271098,0.1906255449287122,0.21526812452618604
2021-06-30,0.19499989166311527,0.3597648086140517,0.38650880120806175,0.11404189294026357,-0.005428346390869865,-0.19450980392156836,0.28191824540586063,0.3990843486226707,0.0208640460108791,0.19044062733383127,0.20463280308592857,0.21777128761408826
2021-07-01,0.1895238232808738,0.27753289822177707,0.37198337254445835,0.0830100853374709,-0.03428555675085354,-0.18666666666666654,0.26913792354960275,0.36885958891637394,-0.011449191029352712,0.16355489171023163,0.1906255449287122,0.2703377124600299
2021-07-02,0.23809510052459082,0.2628470806540142,0.40449274299890847,0.08611326609775016,-0.019999982213805945,-0.18431372549019587,0.35476936879812526,0.37691933807524114,0.0014760013400048067,0.20164301717699784,0.18673450955829352,0.29286618025114763
2021-07-05,0.2307142289663935,0.2745954136716615,0.4137657013913896,0.07525213343677262,-0.007714168748886641,-0.19843137254901932,0.3752191992927758,0.3715461719693296,0.0042459049478713595,0.2098581030619866,0.19840761566954934,0.2816012961833583
2021-07-06,0.25404758637459013,0.2599112012867131,0.4102331387468334,0.0589604344453063,-0.014285574537047707,-0.2196078431372548,0.37266181939688625,0.33594754579657593,-0.0006011062198471029,0.18670649738610923,0.1906255449287122,0.2753440386358341
2021-07-07,0.27142843385792426,0.2540378373692964,0.41994772311831907,0.06516679596586483,0.007142935486806445,-0.22196078431372535,0.39694640421073335,0.3554259732910501,0.02524927851886738,0.2255414488424199,0.1906255449287122,0.3128901846099026
2021-07-08,0.2628570603147544,0.2334786558841171,0.41361849273172124,0.054305663304887286,-0.025714093453998887,-0.2478431372549018,0.39055558552028535,0.3661730058634185,0.02871146594107188,0.21732636295743113,0.20463280308592857,0.30663292706237844
2021-07-12,0.25857125316885354,0.27019079202930274,0.4221555562216881,0.04654771140418901,-3.3306690738754696e-16,-0.2737254901960783,0.39822377863404035,0.4346829747954244,0.03609736332837299,0.24943988050784194,0.20618890444990212,0.32290283696151056
2021-07-13,0.2530951847866121,0.3171793085514494,0.4296623074898047,0.041117145073700234,0.0042858798667100295,-0.25098039215686263,0.4391221240987031,0.4776697043638065,0.04717620940932421,0.3778939507094847,0.21474902587272626,0.33166455794139815
2021-07-14,0.24976177922868903,0.28634214150649484,0.46395777010934136,0.04344453064390974,0.0068571706374835895,-0.2141176470588234,0.44040081404664777,0.4702816009681785,0.0441755445300116,0.46004480955937277,0.22097499524958986,0.33416772102930015
2021-07-15,0.24333330925846974,0.24816286826906575,0.4838284164354909,0.020946470131884887,-0.0005712332620801952,-0.18352941176470572,0.41483885480949434,0.4024425774388656,0.03794370961677873,0.49215832710978336,0.2046328030859288,0.30162660088657445
2021-07-16,0.2423809076704917,0.23201151879187365,0.4655767685740382,-0.0031031807602796,0.012452410814835835,-0.19843137254901932,0.416117544757439,0.3722178177325688,0.03932853336229303,0.5085884988797607,0.242763542187159,0.29787250642695207
2021-07-19,0.24880937764071098,0.20851645793939322,0.44482287028987977,-0.017067494181536302,-0.01693186375894029,-0.22980392156862717,0.4122827904382429,0.3480378698954223,0.014401449826200619,0.5078416728902164,0.22175304593157685,0.26157599148014254
2021-07-20,0.25380948597759523,0.23494739815917498,0.43113424569065995,-0.02792862684251385,-0.029732883975024715,-0.23999999999999977,0.38672083120108924,0.3366191915598151,0.004014887559586899,0.4712471994025389,0.23653835477077978,0.26908548074384875
2021-07-21,0.23380953412732142,0.22466941259939976,0.4249522239637302,-0.02792862684251385,-0.01227692036794914,-0.2533333333333331,0.39439033983948213,0.33057437969066483,-0.0031399924394295287,0.42643764002987283,0.24354237482963015,0.259074128736702
2021-07-22,0.25428568677158414,0.2511003528191813,0.44423418404703363,-0.01629169899146643,-0.029732883975024826,-0.26352941176470557,0.4071706616957398,0.34870951565866104,0.012093324878064138,0.43390589992531714,0.2450984761936037,0.26533138628422637
2021-07-23,0.2497617792286888,0.20851645793939344,0.43849378829910823,-0.010861132660977768,-0.03700625155073389,-0.2745098039215683,0.39694640421073357,0.33997742037600975,-0.0003703449484013799,0.4002987303958174,0.2450984761936037,0.22528077687779446
2021-07-26,0.2357140965546456,0.22320067032434188,0.4170038467166093,-0.030256012412723354,-0.025077940584033565,-0.31764705882352917,0.38672083120108947,0.3030362030373237,-0.01814254848547736,0.3898431665421953,0.25210249625245407,0.2202744507019907
2021-07-27,0.23142853015737685,0.20264309402197678,0.38153101161138037,-0.03180760279286299,-0.04544342908333232,-0.3678431372549017,0.400779843005292,0.2553472527657239,-0.030836979583388713,0.3517550410754293,0.24587652687559047,0.19899821462705458
2021-07-28,0.22785702420245957,0.20557897338927789,0.37387705168359564,-0.0411171450737009,-0.025659845562478023,-0.35999999999999976,0.3956677142627887,0.2721390972072424,-0.029221394566428582,0.3778939507094843,0.24120744082318524,0.1614520686529861
2021-07-29,0.21999995185027332,0.1806151702617398,0.36224905152807674,-0.047323506594259546,-0.027696364768751258,-0.3709803921568625,0.400779843005292,0.24527256631714,-0.027605809549468674,0.3808812546676619,0.24432042551161692,0.15644574247718213
2021-07-30,0.2252379198355201,0.13509539601465081,0.3323692551152788,-0.08068269976726183,-0.04049768142140153,-0.39921568627450954,0.40972672606699123,0.18347905501752315,-0.04676283683205873,0.3106796116504851,0.26610975440967044,0.1289109485102602
2021-08-02,0.4292856265844267,0.1439046392993686,0.3553309865028065,-0.07680372381691258,-0.03991577644295685,-0.42274509803921545,0.49408079689220696,0.21101723167086428,-0.037992115699243656,0.33681852128454004,0.26377482040322553,0.14142676394977016
2021-08-03,0.41190453835246066,0.14096875993206748,0.35459509160029223,-0.08844065166796,-0.023914130627144203,-0.3749019607843135,0.5311443880376736,0.23586882527124975,-0.03199104205745695,0.3375653472740847,0.2793389618848998,0.1364204377739664
2021-08-04,0.4499998796256839,0.10278948669463839,0.3510625289557361,-0.09619860356865828,-0.028569370454701204,-0.3725490196078428,0.5221988205006121,0.18750892959695653,-0.0426081094786781,0.31366691560866267,0.27622597719646813,0.1389236008618684
2021-08-05,0.45261898399262335,0.08076316811721562,0.3541534656212877,-0.1055081458494962,-0.020132192922102776,-0.39764705882352913,0.5094171831197163,0.1693737936289601,-0.048609183120464916,0.2905153099327853,0.26066183571479384,0.12891094851026041
2021-08-06,0.4576188515808757,0.15418423004195803,0.377704031647488,-0.10783553141970559,-0.03904277075700713,-0.42431372549019586,0.49497535364591316,0.20430077403847524,-0.04907096178019521,0.3286034353995515,0.27622597719646813,0.11264103861112806
2021-08-09,0.44999987962568366,0.18208391253679723,0.3674006126373295,-0.11792086889061337,-0.03409702309507667,-0.4235294117647056,0.48856480208589814,0.19624102487960804,-0.05114806934004712,0.32935026138909596,0.27622597719646813,0.10888564380704446
2021-08-10,0.4311904297603826,0.15418423004195803,0.3556254038221427,-0.11636927851047374,-0.03409702309507667,-0.43764705882352917,0.5142070083259578,0.16870214786572135,-0.06407326170940453,0.2875280059746075,0.26844390645563077,0.11138880689494646
2021-08-11,0.4333333333333331,0.12481580527206093,0.35385919669777777,-0.16291698991466308,-0.03526083305196581,-0.4337254901960781,0.5962641731335692,0.186837283833718,-0.05830320545590206,0.3502613890963402,0.24665457755757747,0.20150137771495658
2021-08-12,0.42761892380546507,0.10719410833699716,0.3656344055129648,-0.16136539953452333,-0.01751376873738486,-0.4588235294117643,0.6001107671745056,0.1734043685689397,-0.06915103414856905,0.3764002987303956,0.26299676972123875,0.17646974683593686
2021-08-13,0.4169046466893447,0.07782568356710029,0.3459108194506568,-0.1691233514352215,-0.016059154509556195,-0.4588235294117643,0.5565182272516216,0.17273202244515495,-0.05737990425327999,0.4734876773711725,0.25288054693444106,0.15269034767309853
2021-08-16,0.36714262671202325,0.019088834027306323,0.32029962898075537,-0.21101629169899183,0.04532811525927949,-0.5443137254901957,0.48856480208589836,0.11228250303256138,-0.0823072439062108,0.41224794622852867,0.2450984761936037,0.10137615454333848
2021-08-17,0.3609522571387982,-0.03671213614518665,0.28909525142259684,-0.29557796741660236,0.09973282172334552,-0.56078431372549,0.4436896256411562,0.06526519852420054,-0.0887698400908895,0.39432412247946225,0.2450984761936037,0.08260308155630414
2021-08-18,0.35833315277185895,0.0014671370922423321,0.29233339674781655,-0.2754072924747871,0.07063935142050881,-0.49176470588235255,0.3949678551554776,0.03436879305466478,-0.09984868617184084,0.3749066467513067,0.19451658029913066,0.07008726611679439
2021-08-19,0.3785712050191272,0.024962197944722764,0.31294008637230686,-0.2754072924747871,0.0837314723440985,-0.5207843137254898,0.4077889582755072,0.04914570020646636,-0.08946238002206586,0.38013442867811764,0.20618890444990234,0.09011257082001034
2021-08-20,0.37309513663688576,0.05873684953979308,0.3306030479909139,-0.26997672614429835,0.12853548775524248,-0.4941176470588231,0.41163555231644366,0.04847405444322739,-0.09523243627556821,0.4144884241971618,0.21708395987917117,0.09887299145543671
2021-08-23,0.3790474058131159,0.0044046216423576645,0.32839521488754464,-0.3002327385570215,0.14773716629765188,-0.5121568627450976,0.3731722429563542,0.02966727271199221,-0.12177536094545927,0.4002987303958174,0.2139709751907395,0.10262838625952009
2021-08-24,0.38190461057704983,0.06754769800732485,0.3503266340532216,-0.22032583397982985,0.15151940043925904,-0.4352941176470584,0.41035423131922344,0.07735552262304646,-0.10215681111997721,0.4129947722180729,0.20463280308592857,0.14392992703767216
2021-08-25,0.38428561454699484,0.07342106192474152,0.36342657240959575,-0.24204809930178495,0.17013917400322387,-0.4533333333333329,0.4026610432373503,0.07399729380685183,-0.09246278878453995,0.4144884241971616,0.17661828677149582,0.14267769532149055
2021-08-26,0.3785712050191272,-0.0029374845501164426,0.3441446123262921,-0.2816136539953459,0.16402961638440394,-0.4792156862745094,0.37573620047543277,0.03033891847523118,-0.12500678709621782,0.3554891710231509,0.12837054292298355,0.11639513307075045
2021-08-27,0.39023788372322543,-0.010279590742590772,0.3598940097650398,-0.26532195500387956,0.1928319859797354,-0.49176470588235244,0.39240389763639905,0.05451886631237768,-0.1180824122518086,0.3577296489917845,0.12058847218214641,0.15018718458519653
2021-08-30,0.4342854941726788,-0.03230590932001354,0.34723554899184417,-0.2932505818463932,0.2335629629783329,-0.5129411764705878,0.3975331281991936,0.05384722054913871,-0.12339094596241917,0.3592233009708734,0.08790486981530843,0.18272830472792223
2021-08-31,0.4278570242024595,-0.023495060852481542,0.31617838009335375,-0.31031807602792916,0.23647219143399023,-0.5286274509803918,0.3706069699126382,0.03504043881790331,-0.1215445996740131,0.3151605675877518,0.08401383444488975,0.18272830472792223
2021-09-01,0.4254760202325145,-0.06461181864002585,0.3017537121957934,-0.31807602792862744,0.24403665971720434,-0.5098039215686271,0.39112126111454093,0.0169053028499071,-0.1344697920433705,0.30395817774458544,0.11202835075932227,0.19524412016743242
2021-09-02,0.4042855663972684,-0.09691772796003828,0.2627481660501818,-0.3312645461598144,0.2370540964124348,-0.5364705882352938,0.36804301239355963,-0.022723197902280168,-0.15685824547671923,0.24122479462285296,0.11280640144130905,0.17021248928841248
2021-09-03,0.3521427831986341,-0.0910427588598075,0.26422010425103704,-0.3211792086889067,0.2545100600195105,-0.5435294117647055,0.31547596339158224,-0.04287327115999329,-0.14324051317618558,0.26064227035100807,0.16650128202421355,0.15394257938928013
2021-09-06,0.3404761044945359,-0.08663813721744862,0.2746705835250369,-0.2924747866563233,0.2751666492263143,-0.5443137254901957,0.3359902545934852,-0.03548446740381972,-0.14324051317618558,0.2479462285287528,0.1898474942467252,0.14518085840939254
2021-09-08,0.29023788372322556,-0.14831247130735814,0.21476407883142534,-0.33359193173002377,0.2347264764986563,-0.5890196078431369,0.278293975028713,-0.05563454066153262,-0.1880171639260445,0.1941747572815533,0.18284347418787483,0.051314193129760044
2021-09-09,0.3459521728767774,-0.13509539601465304,0.22624487032727614,-0.32660977501939537,0.22163465201163235,-0.5780392156862743,0.2911150781487428,-0.03817175081732094,-0.17347638653972708,0.19940253920836426,0.2061889044499019,0.07634452366431876
2021-09-10,0.32023805224726765,-0.15124835067465936,0.2240370372239069,-0.32195500387897646,0.2769120677250825,-0.5741176470588233,0.3154759633915818,-0.02608142671847491,-0.1651671879498039,0.19492158327109776,0.1836215248698616,0.0963698283675345
2021-09-13,0.3404761044945359,-0.08957401658474995,0.23787287048279482,-0.30100853374709136,0.2655656617368267,-0.5741176470588233,0.3129106903478658,-0.00794629075047859,-0.14208645070211723,0.23226288274831952,0.17194920071909037,0.14643309012557415
2021-09-14,0.37928550621011037,-0.09985360732733961,0.2464099339727619,-0.3072148952676499,0.27836668195291114,-0.5937254901960782,0.34368212715072,-0.01600603990934557,-0.13723943953439854,0.23749066467513047,0.20618890444990212,0.1501871845851963
2021-09-15,0.36309516071174874,-0.1204111836297046,0.2419942677660234,-0.32273079906904634,0.2772031684325875,-0.604705882352941,0.3052188177906303,-0.02943965553466954,-0.1508571718349322,0.2509335324869302,0.23653835477077956,0.13892360086186795
2021-09-16,0.3702379318729516,-0.1497796083996017,0.23522355979624732,-0.3312645461598145,0.24520017323752796,-0.6062745098039213,0.2872684841078059,-0.034141175877342,-0.14024010441371126,0.3241224794622848,0.2567715823048595,0.16896025757223043
2021-09-17,0.35880935356584787,-0.15565457749983258,0.2259504530079397,-0.363847944142747,0.2015599677832729,-0.5803921568627448,0.28855112062966404,-0.03682775893029766,-0.15639646681698882,0.2808065720687074,0.25988378503280685,0.12640778542235798
2021-09-20,0.3349997953636623,-0.22173353323210077,0.2213875781415331,-0.37936384794414335,0.18352209919775264,-0.6235294117647057,0.21162187086020956,-0.07242638510305144,-0.17578451148786334,0.2763256161314409,0.22175304593157663,0.0876094077321079
2021-09-21,0.35714265078688645,-0.179149638352313,0.27702562528807406,-0.3599689681923979,0.20039645426294928,-0.6156862745098036,0.22316165298301915,-0.04421656268647134,-0.15639646681698882,0.34802091112770683,0.20696695513188912,0.1201505278748336
2021-09-22,0.3759523414008197,-0.18502300226972945,0.2731986453241819,-0.3522110162916997,0.2481096981297506,-0.6227450980392155,0.23470011958119086,-0.03548446740381983,-0.15204683454954537,0.3861090365944728,0.22175304593157663,0.1814760730117404
2021-09-23,0.3599998555508206,-0.15859045686713347,0.29454137824701276,-0.35376260667183934,0.249273211650074,-0.6101960784313722,0.2205976954639406,-0.01264781109315094,-0.13838146451705957,0.36594473487677304,0.25288054693444084,0.20400454080285835
2021-09-24,0.33619029734863504,-0.15271709294971703,0.3247154435833206,-0.3661753297129565,0.26381994680149234,-0.6282352941176468,0.2077752768192731,-0.0005581873548504701,-0.14347690901807753,0.35922330097087296,0.21474902587272626,0.22402984550607408
2021-09-27,0.3347616949666681,-0.18355425999467168,0.28850656517975115,-0.38712179984484163,0.2510189265854077,-0.6392156862745095,0.21675110142300436,-0.04152997963351546,-0.16964974485640427,0.31366691560866244,0.2450984761936037,0.22152668241817208
2021-09-28,0.270237931872952,-0.2276068971495172,0.2160888083726118,-0.4212567882079138,0.2795304919097996,-0.6470588235294115,0.1757225190191991,-0.08115848038570272,-0.20694035653512732,0.25989544436146317,0.23809445613475333,0.2115140300665641
2021-09-29,0.2742856386218584,-0.22466941259940176,0.22168199546086909,-0.4212567882079138,0.32375260234249903,-0.6360784313725487,0.16546537341824763,-0.07041144781333442,-0.2013813405565099,0.2748319641523518,0.24120744082318502,0.251564639472996
2021-09-30,0.2571426507868868,-0.2349490033419913,0.21976843128100976,-0.44065166795965927,0.3295713556903792,-0.6541176470588232,0.1872609856173708,-0.08924554360584835,-0.20277103052195455,0.26587005227781857,0.18906866160425406,0.3279091631373148
2021-10-01,0.2695236306819684,-0.16740130533466546,0.2612762278493266,-0.4026377036462381,0.3243345073209434,-0.632941176470588,0.2052113193001952,-0.049530898506551346,-0.1610798193249361,0.34353995519043967,0.2131929245087525,0.3479344678405305
2021-10-04,0.1942855904721319,-0.20851806312220988,0.17899667801103347,-0.41737781225756476,0.32229798811467014,-0.6313725490196076,0.11289700889163257,-0.08857249712151827,-0.2050873512089214,0.26138909634055185,0.15794116060138985,0.32665823176559416
2021-10-05,0.15928555435983704,-0.22907563942457498,0.16251138566977175,-0.42901474010861207,0.3499368441896782,-0.6454901960784312,0.09494799073344606,-0.07847539913547519,-0.20717188615708848,0.20238984316654163,0.14004286707375502,0.2765949700075545
2021-10-06,0.13761889973060204,-0.22760689714951732,0.16206975969076742,-0.44142746314972914,0.33248058414603676,-0.6541176470588232,0.08340820861063647,-0.1107865329071408,-0.2171315016540013,0.19566840926064177,0.11280640144130927,0.20150137771495613
2021-10-07,0.11499984351338877,-0.23935362498435042,0.1689876763202114,-0.4522885958107067,0.3211341781577812,-0.6360784313725488,0.0911013966925096,-0.1161716051423276,-0.21782634663672362,0.20388349514563053,0.11903237081817264,0.19148872536334816
2021-10-08,0.1259522210265036,-0.20704932084715233,0.2378728704827946,-0.4305663304887517,0.3252072165703277,-0.6054901960784311,0.1795691130601358,-0.07712930616681501,-0.19628589605549207,0.24197162061239674,0.12603560891653842,0.19399188845124993
2021-10-11,0.12285715661420715,-0.21292268476456888,0.2218292041205372,-0.4375484871993801,0.3432453815924137,-0.5882352941176467,0.16033614285545328,-0.09126538341938473,-0.21481518096703445,0.2195668409260636,0.10113407729053758,0.2015013777149559
2021-10-13,0.14404761044945324,-0.1997072146546779,0.2643673129107047,-0.4235841737781234,0.36186515515637874,-0.5639215686274508,0.18982625866108704,-0.07241728041595863,-0.19443289072928627,0.28230022404779653,0.1361526136638207,0.2478092446689122
2021-10-14,0.1307142289663934,-0.2276068971495172,0.2570077703022564,-0.4398758727695896,0.4223794192392647,-0.52078431372549,0.16674669441546808,-0.07780235265114532,-0.1986019606256203,0.26661687826736324,0.11280640144130927,0.23904882403348582
2021-10-15,0.13452383531830558,-0.20411183629703678,0.3123514001294614,-0.4243599689681933,0.45176399024960623,-0.5286274509803919,0.1988007677401804,-0.054915970741738374,-0.1719660655433709,0.292008961911874,0.11358523408378063,0.2640791545680443
2021-10-18,0.1266665222174872,-0.182085517719614,0.29557169046886367,-0.42280837858805354,0.4500182753142723,-0.5670588235294116,0.20392999830297498,-0.044145826271364985,-0.1664070495647535,0.28005974607916295,0.10891614803137517,0.2828535278995399
2021-10-19,0.08499991573797838,-0.23348026106693376,0.2268337049659488,-0.4476338246702878,0.4110330132510087,-0.5898039215686273,0.15520822781729637,-0.10270857437408831,-0.20253950089999306,0.18371919342793075,0.03965712596679616,0.2402997554052062
2021-10-20,0.0878571205019123,-0.24669733635963886,0.21932695369783217,-0.4615981380915446,0.4110330132510087,-0.6062745098039214,0.16674669441546786,-0.11549785829745207,-0.19072688007687455,0.14189693801344228,0.013198711016337406,0.2640791545680443
2021-10-21,0.05738075118388086,-0.3289292467519134,0.17369790824211306,-0.4949573312645469,0.3816487386772329,-0.6313725490196076,0.1334113000935353,-0.172714513431515,-0.22662780179015285,0.1247199402539203,-0.003921531829310654,0.21902351933026987
2021-10-22,0.039285602509563144,-0.3392072323116887,0.1494114473133985,-0.5228859581070604,0.29116799860556064,-0.6313725490196076,0.11674360293256902,-0.2016597144209844,-0.25766455250753617,0.11127707244212037,-0.030379946779769518,0.17897290992383819
2021-10-25,0.08119030938606642,-0.2922171106067277,0.18414838751611295,-0.49340574088440714,0.36157405444887347,-0.6227450980392155,0.17700384001641933,-0.1713684204628546,-0.2391352675959938,0.13144137415982016,0.010864558970376859,0.23028710305359823
2021-10-26,0.045476212831420115,-0.3480180807792207,0.13969686294191264,-0.5259891388673397,0.332480584146037,-0.6454901960784312,0.13597657313725175,-0.2151227451892238,-0.27063507755729965,0.05825242718446555,-0.034270200189703726,0.1764697468359362
2021-10-27,0.018809449865300643,-0.3289292467519134,0.14617315359235228,-0.5058184639255243,0.3612832501779344,-0.6549019607843134,0.14110448817540844,-0.2023327609053145,-0.2502527873195515,0.02315160567587693,-0.0661765338350393,0.21151403006656366
2021-10-28,0.028333224996448303,-0.3685756570815857,0.11805986109557165,-0.519782777346781,0.36710200352581457,-0.6643137254901958,0.11289700889163279,-0.22993116856557794,-0.2507161026803125,-0.0022404779686338028,-0.10430727293626962,0.15769667384890185
2021-10-29,-0.0802381485467214,-0.3964769447592392,0.08773858709959548,-0.5298681148176887,0.31386081058207216,-0.6862745098039214,0.10007590577160275,-0.26291534882157364,-0.2534954826112019,-0.02016430171770034,-0.11286739435909365,0.09261573390791145
2021-11-01,-0.07809524497377096,-0.35829767152181025,0.1187957559980859,-0.47944142746315044,0.2507281223144684,-0.6549019607843134,0.14110448817540844,-0.23464319431643443,-0.23102840130844826,0.01493651979088817,-0.10508532361825651,0.12891094851025953
2021-11-03,-0.025476260981147525,-0.31277629209190705,0.17840799176818756,-0.46004654771140485,0.2067968161527085,-0.6643137254901958,0.19623681022110206,-0.1807924719645676,-0.19257988540308035,0.10530246452576497,-0.0926341668250138,0.16770932620050982
2021-11-04,-0.03813362030570322,-0.3377384900366309,0.1716371354025854,-0.46004654771140485,0.1925411817087952,-0.6776470588235293,0.1859796646201506,-0.20435190035830464,-0.21018279570993914,0.10754294249439833,-0.07006678724497373,0.11569554775059854
2021-11-05,-0.02183493792296587,-0.2966233374319007,0.16545511367565569,-0.4235841737781233,0.19283198597973472,-0.6815686274509802,0.1923902161801656,-0.1666563947119979,-0.1948962060900471,0.10455563853622052,-0.02960111413729849,0.13390037020806744
2021-11-08,-0.03333983354639647,-0.32158714055943893,0.1260080899468663,-0.4515128006206368,0.21959813280535845,-0.6862745098039214,0.15841416135962305,-0.20165971442098407,-0.21018279570993914,0.0896191187453319,-0.041274220248554205,0.10529279206061615
2021-11-09,-0.011288703351943874,-0.3348026106693298,0.12232831864264204,-0.4359968968192405,0.246945888172861,-0.676862745098039,0.1988086608880073,-0.1848314512310939,-0.1765520936527062,0.09858103061986512,-0.04672135698294655,0.16250794835551852
2021-11-10,0.006687996995456524,-0.2731282765794204,0.14440694646798735,-0.3925523661753305,0.27167521935564576,-0.6572549019607841,0.22747657379501418,-0.16194436896114128,-0.16534160351679006,0.10604929051530942,-0.03193604814374329,0.28213963879031456
2021-11-11,0.010283337064936449,-0.2349490033419913,0.1878281588203372,-0.3809154383242832,0.3036782145507053,-0.6572549019607841,0.2118402479500856,-0.1451161057712511,-0.13553242080611094,0.14413741598207563,0.04899529807160685,0.3120475613990137
2021-11-12,0.001654424598731774,-0.2804703827718946,0.14867540401505774,-0.40108611326609855,0.29727755622438035,-0.6878431372549018,0.1857783893505669,-0.1801194254802373,-0.17884510770737383,0.14712471994025322,0.05366438412401231,0.27953894986781913
2021-11-16,-0.02974449347691621,-0.3392072323116887,0.08450029337854925,-0.4259115593483328,0.2536373507701253,-0.7145098039215685,0.14538388982218242,-0.22858507559691732,-0.20483251495466082,0.08961911874533168,-0.008590617881716334,0.3055458390927748
2021-11-17,-0.017280696052444977,-0.3935394602091239,0.038724039263161814,-0.4561675717610558,0.24229094478186952,-0.7137254901960782,0.12974756397725362,-0.24743317860034353,-0.2106924682184601,0.08065720687079847,-0.011702820609663656,0.29774377232528826
2021-11-18,0.03137580620698088,-0.384728611741592,0.07449144008355346,-0.43677269200931035,0.2495643123575786,-0.7239215686274507,0.15189968335322135,-0.225219142814721,-0.18852658031772673,0.0866318147871541,0.007201856061405554,0.37186340661641215
2021-11-19,0.031855136733185185,-0.34214471686180414,0.11879575599808567,-0.3878975950349116,0.28389463102985135,-0.7286274509803919,0.16362626997459895,-0.20367885387397433,-0.17655209365270608,0.14040328603435337,0.04001995563156191,0.41217408491509344
2021-11-22,-0.012966480567974337,-0.3715131416317011,0.07846548031128764,-0.4259115593483328,0.2798215926173049,-0.7388235294117644,0.15971784627568586,-0.21242985889135735,-0.20559676760060386,0.0709484690067208,0.007201856061405554,0.3874675401513856
2021-11-23,-0.03262071738277361,-0.39060197565900856,0.046083581871610324,-0.46470131885182386,0.2900041886486713,-0.7372549019607841,0.1284438790611908,-0.23397014783210413,-0.2063612763633853,0.049290515309932115,0.006420677537481101,0.3874675401513856
2021-11-24,-0.031182725804160816,-0.4067549303190148,0.049468935856498586,-0.47633824670287117,0.30484172807102894,-0.740392156862745,0.12062571613872675,-0.21714188464221384,-0.22011936069139104,0.028379387602687878,-0.015457794855795015,0.3406551395464654
2021-11-25,0.00021643302011908894,-0.39794408185148267,0.05697568712461498,-0.485647788983709,0.31240619635424327,-0.7215686274509803,0.13365598767616715,-0.22791202911258723,-0.21604274897373832,0.060492905153098686,-0.02327192597649297,0.36016030646518216
2021-11-26,-0.0395718526329476,-0.43171873344655276,0.01767587205549348,-0.4918541505042675,0.2626564332811685,-0.7466666666666665,0.10889912951734892,-0.265607534758894,-0.2519667212024773,0.008961911874532769,-0.07249868435148521,0.32635135047273955
2021-11-29,-0.0498783015665516,-0.4464029458315013,0.0038398904007792556,-0.49573312645461665,0.2798215926173049,-0.7505882352941174,0.09586754245527063,-0.27705072571359746,-0.26266753882987237,-0.005974607916355956,-0.10922424046223278,0.33025238385648326
2021-11-30,-0.06306121515464502,-0.4581496736663344,-0.011467881058963902,-0.4988363072148959,0.2652748574658865,-0.7733333333333332,0.09195911875635754,-0.3134001383912439,-0.2751516980034142,-0.027632561613144646,-0.15923217736114947,0.31334790586026195
2021-12-01,-0.08295523760686252,-0.4948602046287057,0.01149385032856376,-0.502715283165245,0.2510189265854075,-0.7788235294117646,0.07241305368787776,-0.3389794065985171,-0.27922830972106694,-0.03435399551904461,-0.1514188282009361,0.25353206064286393
2021-12-02,-0.08918701594478218,-0.49779768917882117,0.06418802107339516,-0.5128006206361526,0.26556566173682583,-0.772549019607843,0.07110936877181473,-0.3389794065985171,-0.2710753424026,-0.054518297236744284,-0.12094504616303758,0.2756379164840761
2021-12-03,-0.0700121096561872,-0.4684292644089242,0.09185983598699754,-0.5065942591155941,0.2719663200631508,-0.7505882352941174,0.1036857053777347,-0.32349723637728733,-0.25476940776566603,0.00672143390589941,-0.09828461328535265,0.2743375720228285
2021-12-06,-0.05682919606809356,-0.384728611741592,0.11445265535039728,-0.48875096974398824,0.22483498117479406,-0.724705882352941,0.13104993336867854,-0.2730124468076168,-0.24101132343766019,0.01792382374906598,-0.05687120407057389,0.282139638790315
2021-12-07,-0.040530513685356095,-0.38766609629170745,0.09976146854884083,-0.4802172226532202,0.20737872113115263,-0.7435294117647058,0.13104993336867854,-0.2750315862606073,-0.2494188708935492,0.03883495145631022,-0.06234101765901401,0.29514308340279305
2021-12-08,-0.021834937922965536,-0.33333386839427237,0.13760240424981962,-0.46935608999224276,0.21174286025120437,-0.7349019607843136,0.17274811781312605,-0.26358839530590383,-0.24585218780125595,0.07318894697535416,-0.054526886538316055,0.36146065092643
2021-12-09,-0.045084514807244847,-0.3098388075417918,0.12291121744826317,-0.4848719937936392,0.21843432284846886,-0.7592156862745096,0.15320205274464627,-0.28647477721531067,-0.28024739862127046,0.04555638536221007,-0.06702965272352968,0.34325582846896086
2021-12-10,-0.026388939044854176,-0.2936858528817854,0.1567454658397267,-0.48099301784329007,0.20155996778327223,-0.7537254901960783,0.16492995489066153,-0.2635883953059037,-0.2764256231578782,0.07318894697535416,-0.046713537378102576,0.32895203939523543
2021-12-13,-0.0472418632981122,-0.3466905945918187,0.15273877853021123,-0.49806051202482615,0.19254118170879497,-0.7019607843137253,0.1388694118157805,-0.2858017307309805,-0.2914576326403481,0.035100821508587954,-0.07015514877971196,0.32895203939523543
2021-12-14,-0.08343456813306693,-0.3948460790199402,0.12543394649499517,-0.5190069821567113,0.17392140814483015,-0.7529411764705881,0.09586754245527018,-0.3134001383912439,-0.32610767971462307,-0.017176997759522528,-0.0654665137151964,0.2691361941778372
2021-12-15,-0.07576455746790256,-0.3932408962056695,0.17395938168801517,-0.5104732350659433,0.1753760223726588,-0.7513725490196077,0.10629307520986053,-0.28782087018397084,-0.31234959538661733,-0.02016430171770034,-0.05843434307890738,0.3224503170889963
2021-12-16,-0.08247590708065844,-0.4076875415341059,0.14398342477978887,-0.502715283165245,0.1896316568165719,-0.76078431372549,0.0919591187563571,-0.28647477721531045,-0.332477049370105,-0.0313666915608668,-0.07484300188374338,0.2951430834027928
2021-12-17,-0.06809454680273808,-0.3884253477628573,0.12973742545706735,-0.5081458494957338,0.16664804056912086,-0.7592156862745096,0.0984630725656559,-0.3019569474365402,-0.3314579604699015,-0.03659447348767786,-0.06155983913508967,0.2652351607940937
2021-12-20,-0.07264854792462672,-0.396451261834211,0.10925880143065525,-0.5174553917765717,0.12009831022264295,-0.7552941176470587,0.09583202329004958,-0.3033030404052006,-0.3564265349338235,-0.07244212098581082,-0.054526886538316166,0.2366275826466424
2021-12-21,-0.11315594974131582,-0.4125030899769181,0.10035505185395444,-0.5228859581070604,0.1346450453740613,-0.7584313725490195,0.08004572763641149,-0.29051375648183686,-0.37094887190777226,-0.054518297236744284,-0.06234101765901412,0.2574330940266072
2021-12-22,-0.09877458946339568,-0.40287199309129373,0.10703286403647994,-0.5384018619084568,0.13609965960188997,-0.7552941176470587,0.0879388754632302,-0.3080437809384271,-0.36995257740619103,-0.025392083644511176,-0.06868506306902333,0.2236241380341648
2021-12-23,-0.12418151483854212,-0.41571345560545947,0.10065184350651113,-0.5384018619084568,0.14128077789697646,-0.76078431372549,0.07478362908519842,-0.3080437809384271,-0.3809656014596601,-0.04032860343540001,-0.07337682597547668,0.20802000449919134
2021-12-27,-0.12154483582147058,-0.38360979932004513,0.1116331346511088,-0.529092319627619,0.12942331526947548,-0.7662745098039214,0.0971475479278523,-0.2926358489350318,-0.3758432646906047,-0.025392083644511176,-0.05695565580289008,0.20932034896043938
2021-12-28,-0.11914794244181726,-0.4028719930912936,0.11445265535039728,-0.5159038013964321,0.10867275567134849,-0.768627450980392,0.10767174503027777,-0.28493188293333416,-0.37353821314452973,-0.03808812546676654,-0.017857631582446132,0.2444296494141296
2021-12-29,-0.12873551596043076,-0.4269497353053544,0.1037681558583563,-0.529092319627619,0.1006689683977855,-0.7788235294117646,0.11161831894368723,-0.30454197821038287,-0.38788075609788475,-0.06497386109036629,-0.010819987222766336,0.2158220712666783
2021-12-30,-0.11267637846647949,-0.3900305305771279,0.13923475833888155,-0.5228859581070605,0.11045137506547364,-0.7764705882352939,0.13792881169975102,-0.31014486257525387,-0.3740504468214353,-0.049290515309933114,0.013420787793908984,0.18851483758047505
